reactants,products,set
CS(=O)(=O)OC[C@H]1CCC(=O)O1.Fc1ccc(Nc2ncnc3cc(OCCN4CCNCC4)c(OC4CCCC4)cc23)cc1Cl,O=C1CC[C@H](CN2CCN(CCOc3cc4ncnc(Nc5ccc(F)c(Cl)c5)c4cc3OC3CCCC3)CC2)O1,train
COC(=O)c1cc(CCCc2cc3c(=O)[nH]c(N)nc3[nH]2)cs1,Nc1nc2[nH]c(CCCc3csc(C(=O)O)c3)cc2c(=O)[nH]1,train
CC1(C)OB(B2OC(C)(C)C(C)(C)O2)OC1(C)C.FC(F)(F)c1ccnc(Nc2cccc(Br)c2)n1,CC1(C)OB(c2cccc(Nc3nccc(C(F)(F)F)n3)c2)OC1(C)C,train
CC(C)(C)OC(=O)NCC(=O)CCC(=O)OCCCC(=O)OCc1ccccc1,CC(C)(C)OC(=O)NCC(=O)CCC(=O)OCCCC(=O)O,train
Fc1cc2c(Cl)ncnc2cn1.NC1CCCCCC1,Fc1cc2c(NC3CCCCCC3)ncnc2cn1,train
COc1ccc(S(=O)(=O)Cl)c([N+](=O)[O-])c1.Nc1ccc2c(c1)B(O)OC2,COc1ccc(S(=O)(=O)Nc2ccc3c(c2)B(O)OC3)c([N+](=O)[O-])c1,train
NS(=O)(=O)C1CC1.O=C(O)c1cc(C2CC2)c(OCC2CCN(S(=O)(=O)c3cc(Cl)c(Br)cc3F)CC2)cc1F,O=C(NS(=O)(=O)C1CC1)c1cc(C2CC2)c(OCC2CCN(S(=O)(=O)c3cc(Cl)c(Br)cc3F)CC2)cc1F,train
C[C@H](NC(=O)c1cc(Cl)cnc1Cl)c1ccc(C(=O)OC(C)(C)C)cc1.Oc1cccc(F)c1,C[C@H](NC(=O)c1cc(Cl)cnc1Oc1cccc(F)c1)c1ccc(C(=O)OC(C)(C)C)cc1,train
ClCc1ccccc1.c1ccc2[nH]ccc2c1,c1ccc(Cn2ccc3ccccc32)cc1,train
BrC(Br)(Br)Br.COc1ccc(CN(C(=O)OCc2ccccc2)[C@@H]2C(=O)N(Cc3ccc(OC)cc3OC)[C@@H]2CC=O)cc1,COc1ccc(CN(C(=O)OCc2ccccc2)[C@@H]2C(=O)N(Cc3ccc(OC)cc3OC)[C@@H]2CC=C(Br)Br)cc1,train
CCCCCBr.O=Cc1ccc(Oc2ccc3ccccc3n2)cn1,CCCCCC(O)c1ccc(Oc2ccc3ccccc3n2)cn1,train
Nc1cc(-c2cccc(COC(C(F)(F)F)C(F)(F)F)c2)n(-c2ccccc2)n1.O=C1C[C@H](C(=O)O)CN1,O=C1C[C@H](C(=O)Nc2cc(-c3cccc(COC(C(F)(F)F)C(F)(F)F)c3)n(-c3ccccc3)n2)CN1,train
CCS(=O)(=O)c1ccc(Cl)cc1CNC(=O)c1cc(Cl)c(CBr)c(C(F)(F)F)c1.c1ccc(C(c2ccccc2)N2CC3(CNCCO3)C2)cc1,CCS(=O)(=O)c1ccc(Cl)cc1CNC(=O)c1cc(Cl)c(CN2CCOC3(C2)CN(C(c2ccccc2)c2ccccc2)C3)c(C(F)(F)F)c1,train
CCC(=O)Cl.COc1ccc(-c2ncnc3c(C(=O)N[C@@H]4CCNC4)c(C)[nH]c23)c(OCC2CC2)c1,CCC(=O)N1CC[C@@H](NC(=O)c2c(C)[nH]c3c(-c4ccc(OC)cc4OCC4CC4)ncnc23)C1,train
COC(=O)c1cc(Br)cc(C(=O)O)c1.C[C@@H](N)c1ccccc1,COC(=O)c1cc(Br)cc(C(=O)N[C@H](C)c2ccccc2)c1,train
NCc1ccc(Oc2ccc(F)cc2)cc1.Nc1ccc(C(=O)O)c(N)n1,Nc1ccc(C(=O)NCc2ccc(Oc3ccc(F)cc3)cc2)c(N)n1,train
CC(=O)SCCC(=O)N1[C@@H](c2ccccc2O)SC[C@H]1C(=O)O.O=C(O)[C@@H]1CCCN1,CC(=O)SCCC(=O)N1[C@@H](c2ccccc2O)SC[C@H]1C(=O)N1CCC[C@H]1C(=O)O,train
Clc1ccnc2c1CC1(CN3CCC1CC3)O2.NCCN,NCCNc1ccnc2c1CC1(CN3CCC1CC3)O2,train
COC(=O)CCN1CCCC[C@H]1COc1ccc(Oc2ccc(Cl)cc2)cc1,O=C(O)CCN1CCCC[C@H]1COc1ccc(Oc2ccc(Cl)cc2)cc1,train
COc1ccc(Oc2ncc(-c3cc(C(C)N4C(=O)c5ccccc5C4=O)on3)s2)c(Cl)c1,COc1ccc(Oc2ncc(-c3cc(C(C)N)on3)s2)c(Cl)c1,train
CCOC(=O)/C=C/c1c(Nc2c(F)cccc2F)nc(SC)nc1-c1ccc(F)cc1C,CSc1nc(-c2ccc(F)cc2C)c2ccc(=O)n(-c3c(F)cccc3F)c2n1,train
COC(=O)c1ccc(CN2CCOCC2)c(O)c1.CS(=O)(=O)Cl,COC(=O)c1ccc(CN2CCOCC2)c(OS(C)(=O)=O)c1,train
COC(=O)c1cc(Br)cc(C(=O)OC)c1.OB(O)c1cccc(Cl)c1,COC(=O)c1cc(C(=O)OC)cc(-c2cccc(Cl)c2)c1,train
COC(=O)c1ccc(Br)cc1.Nc1ccccc1,COC(=O)c1ccc(Nc2ccccc2)cc1,train
C1CCOC1.CCCCN(CCCC)c1ccc(C=O)cc1.[Li]c1ccccc1,CCCCN(CCCC)c1ccc(C=Cc2ccc(CO)cc2)cc1,train
CCOC(=O)c1cc2cc(C(CC)(CC)c3ccc(OCC(=O)C(C)(C)C)c(C)c3)cc(C)c2o1.OCCO,CCOC(=O)c1cc2cc(C(CC)(CC)c3ccc(OCC4(C(C)(C)C)OCCO4)c(C)c3)cc(C)c2o1,train
COC(=O)c1ccc(-c2c(NC(=O)Cc3cccs3)ccc3c2/C(=C/c2[nH]ccc2OC)C(=O)N3)cc1,COc1cc[nH]c1/C=C1\C(=O)Nc2ccc(NC(=O)Cc3cccs3)c(-c3ccc(C(=O)O)cc3)c21,train
COC(=O)c1sc(-n2cnc3cnccc32)cc1OC(C)c1ccccc1Cl.N,CC(Oc1cc(-n2cnc3cnccc32)sc1C(N)=O)c1ccccc1Cl,train
O=C(Nc1cnc(Br)c(-c2cccnc2)n1)C1CC1.O=C(OO)c1cccc(Cl)c1,O=C(Nc1cnc(Br)c(-c2ccc[n+]([O-])c2)n1)C1CC1,train
CCOC(=O)c1c(C)[nH]c(C=O)c1CCC(=O)O.O=C1Cc2c(cccc2C2CCNCC2)N1,CCOC(=O)c1c(C)[nH]c(C=C2C(=O)Nc3cccc(C4CCNCC4)c32)c1CCC(=O)O,train
CCOc1ccc2ccccc2c1-c1c[nH]c(NC(C)=O)n1,CCOc1ccc2ccccc2c1-c1c[nH]c(N)n1,train
CC(=O)N1CCNCC1.Cc1cc(F)ccc1[N+](=O)[O-],CC(=O)N1CCN(c2ccc([N+](=O)[O-])c(C)c2)CC1,train
CCOC(=O)C1CCN(C(=O)OC(C)(C)C)CCCC1=O,CC(C)(C)OC(=O)N1CCCC(=O)CCC1,train
C=[N+]=[N-].O=C(O)c1cc(F)c(F)cc1Br,COC(=O)c1cc(F)c(F)cc1Br,train
CCOC(=O)COc1ccc(F)c(NCc2c(F)ccc(-c3cccc(F)c3)c2F)c1F,O=C(O)COc1ccc(F)c(NCc2c(F)ccc(-c3cccc(F)c3)c2F)c1F,train
COC(=O)C(Cl)SCCc1ccccc1Br,COC(=O)C1SCCc2c(Br)cccc21,train
CC(C)(C)SCc1cc(NC(=O)C(C)(C)C)ccc1CBr.N#CCc1cn[nH]c1,CC(C)(C)SCc1cc(NC(=O)C(C)(C)C)ccc1Cn1cc(CC#N)cn1,train
C1CCN(C2CCNCC2)C1.Cc1nn(-c2cccc(Cl)c2)c(C)c1C(=O)O,Cc1nn(-c2cccc(Cl)c2)c(C)c1C(=O)N1CCC(N2CCCC2)CC1,train
CC(=O)OC(C)=O.COc1cccc2c1NC(CN)CO2,COc1cccc2c1NC(CNC(C)=O)CO2,train
C1=CCNC1.CC(C)(C)OC(=O)OC(=O)OC(C)(C)C,CC(C)(C)OC(=O)N1CC=CC1,train
CC(C)N1CCC(Oc2ccc(C3CCNCC3)cc2)CC1.O=C(O)c1ccc(F)cc1,CC(C)N1CCC(Oc2ccc(C3CCN(C(=O)c4ccc(F)cc4)CC3)cc2)CC1,train
CN(c1cc(N2CCc3cc(S(C)(=O)=O)ccc32)ncn1)C1CCN(Cc2ccccc2)CC1,CN(c1cc(N2CCc3cc(S(C)(=O)=O)ccc32)ncn1)C1CCNCC1,train
CC1(C)OB(c2ccc(S(=O)(=O)N3CCC4(CC3)CN(C3CC3)C(=O)CO4)cc2)OC1(C)C.CN(C(N)=O)c1n[nH]c2cc(Br)ccc12,CN(C(N)=O)c1n[nH]c2cc(-c3ccc(S(=O)(=O)N4CCC5(CC4)CN(C4CC4)C(=O)CO5)cc3)ccc12,train
CC(C)(C)OC(=O)Nc1ccc(F)c([C@@]2(C)NC(=S)[C@@](C)(F)CC2(F)F)c1,C[C@]1(F)CC(F)(F)[C@@](C)(c2cc(N)ccc2F)NC1=S,train
CC(C)(C)OC(=O)CC(=O)c1cccc(-n2nncc2COC2CCCCO2)c1.CN(c1cc(NC(=O)OC(C)(C)C)c(N)cc1Cl)C1CC1,CN(c1cc(NC(=O)OC(C)(C)C)c(NC(=O)CC(=O)c2cccc(-n3nncc3COC3CCCCO3)c2)cc1Cl)C1CC1,train
CC(=O)N1[C@H](CC23CC4CC(CC(C4)C2)C3)C(=O)N(Cc2ccccc2)c2ccccc2C(=O)C[C@H]1C(=O)[O-].NCC(=O)OCc1ccccc1,CC(=O)N1[C@H](CC23CC4CC(CC(C4)C2)C3)C(=O)N(Cc2ccccc2)c2ccccc2C(=O)C[C@H]1C(=O)NCC(=O)OCc1ccccc1,train
COc1ccccc1-n1c(=O)c2cnc(SC)nc2n1C.O=C([O-])O,COc1ccccc1-n1c(=O)c2cnc(S(C)=O)nc2n1C,train
Cc1cc(OC2CCCCO2)cc2c1C(CC(=O)OC(C)(C)C)OB2O,Cc1cc(O)cc2c1C(CC(=O)OC(C)(C)C)OB2O,train
O=C1[C@H](CC[C@H](O)c2ccc(F)cc2)[C@@H](c2ccc(OCc3ccccc3)cc2)N1c1ccc(F)cc1,O=C1[C@H](CC[C@H](O)c2ccc(F)cc2)[C@@H](c2ccc(O)cc2)N1c1ccc(F)cc1,train
N#CCCC1CCCc2cc(S(=O)(=O)c3ccccc3)ccc21,NCCCC1CCCc2cc(S(=O)(=O)c3ccccc3)ccc21,train
C/C=C/c1cc(C(=O)OC(C)(C)C)c(F)cc1OCC12CC3CC(CC(C3)C1)C2,C/C=C/c1cc(C(=O)O)c(F)cc1OCC12CC3CC(CC(C3)C1)C2,train
C[C@@H]1CN(C(=O)OC(C)(C)C)CCN1.Cc1ccc(Br)c(C)c1,Cc1ccc(N2CCN(C(=O)OC(C)(C)C)C[C@H]2C)c(C)c1,train
C[Si](C)(C)C#Cc1cc(Cl)ccc1F,C#Cc1cc(Cl)ccc1F,train
NCC(O)(CNC(=O)c1cnn(-c2ccc(F)cc2)c1N)C(F)(F)F.O=C(Cl)c1c(Cl)cccc1Cl,Nc1c(C(=O)NCC(O)(CNC(=O)c2c(Cl)cccc2Cl)C(F)(F)F)cnn1-c1ccc(F)cc1,train
CCN(CC)c1c([N+](=O)[O-])cc(C)c(Cl)c1[N+](=O)[O-].N,CCN(CC)c1c([N+](=O)[O-])cc(C)c(N)c1[N+](=O)[O-],train
CN(Cc1cc(C=O)ccc1Oc1ccc(Cl)c(Cl)c1)C(=O)OC(C)(C)C,CN(Cc1cc(CO)ccc1Oc1ccc(Cl)c(Cl)c1)C(=O)OC(C)(C)C,train
CC(=O)NC(C)CCc1ccc(Oc2ccc(O)cn2)cc1.CC(C)I,CC(=O)NC(C)CCc1ccc(Oc2ccc(OC(C)C)cn2)cc1,train
CC1CCCN1CCc1nc2ccc(Br)cc2s1.OB(O)c1cccnc1,CC1CCCN1CCc1nc2ccc(-c3cccnc3)cc2s1,train
COC(=O)Cl.Nc1ccc(-c2ccccc2C(F)(F)F)cc1,COC(=O)Nc1ccc(-c2ccccc2C(F)(F)F)cc1,train
COc1cc(N)cc(OCCN2CCCC2=O)c1.O=C(O)Cn1cnc2cccc([N+](=O)[O-])c21,COc1cc(NC(=O)Cn2cnc3cccc([N+](=O)[O-])c32)cc(OCCN2CCCC2=O)c1,train
CN(C)C=O.COC(=O)[C@@H]1C[C@@H](OC(=O)N2CCc3cccc(OS(=O)(=O)C(F)(F)F)c3C2)CN1C(=O)OC(C)(C)C,C=Cc1cccc2c1CN(C(=O)O[C@@H]1C[C@@H](C(=O)OC)N(C(=O)OC(C)(C)C)C1)CC2,train
CC(C)(C)OC(=O)N1CCNCC1.O=[N+]([O-])c1cnccc1Cl,CC(C)(C)OC(=O)N1CCN(c2ccncc2[N+](=O)[O-])CC1,train
CNC.Cc1cc(Nc2nccc(C(F)(F)F)n2)cc(-c2ccc(CC(=O)O)nc2)c1,Cc1cc(Nc2nccc(C(F)(F)F)n2)cc(-c2ccc(CC(=O)N(C)C)nc2)c1,train
CC(C)(C)OC(=O)N1CCC(=O)CC1.O=C1CNCCN1,CC(C)(C)OC(=O)N1CCC(N2CCNC(=O)C2)CC1,train
CCOc1ccc(OCC(=O)OC(C)(C)C)c2c1C(=O)N(CSc1nnnn1-c1ccccc1)S2(=O)=O,CCOc1ccc(OCC(=O)O)c2c1C(=O)N(CSc1nnnn1-c1ccccc1)S2(=O)=O,train
CN(C)CCc1nnc(CO)n1-c1ccccc1C(=O)c1ccccc1Cl.O=C1NC(=O)c2ccccc21,CN(C)CCc1nnc(CN2C(=O)c3ccccc3C2=O)n1-c1ccccc1C(=O)c1ccccc1Cl,train
O=C/C=C/c1ccc(-n2cccn2)nc1,OC/C=C/c1ccc(-n2cccn2)nc1,train
CC(COS(C)(=O)=O)N1c2ccccc2Sc2ccc(C#N)cc21.CC1CCCN1,CC1CCCN1CC(C)N1c2ccccc2Sc2ccc(C#N)cc21,train
CC(C)N.CCOC(=O)c1nn(-c2ccccc2Cl)c(Br)c1C=O,CCOC(=O)c1nn(-c2ccccc2Cl)c(Br)c1CNC(C)C,train
NNc1cnc2ccc(Br)cc2n1.O=C(O)C1CC1,O=C(NNc1cnc2ccc(Br)cc2n1)C1CC1,train
COC(=O)c1cc(O)cc(OCCCNC(=O)OC(C)(C)C)c1,CC(C)(C)OC(=O)NCCCOc1cc(O)cc(C(=O)O)c1,train
CN1c2cc(B3OC(C)(C)C(C)(C)O3)ccc2N(CC2CC2)S1(=O)=O.N#Cc1c(F)cccc1Br,CN1c2cc(-c3cccc(F)c3C#N)ccc2N(CC2CC2)S1(=O)=O,train
CCCC(=O)O.Nc1ccc(C=CCN2CCC(=C3c4ccccc4C=Cc4ccccc43)CC2)cc1,CCCC(=O)Nc1ccc(C=CCN2CCC(=C3c4ccccc4C=Cc4ccccc43)CC2)cc1,train
COc1cc(F)ccc1C(=O)O.NC1COCCn2c1nc(-c1ccncc1)cc2=O,COc1cc(F)ccc1C(=O)NC1COCCn2c1nc(-c1ccncc1)cc2=O,train
CCN1C(=O)CCCc2c1ccc(N)c2OC.Clc1ncc(Cl)c(Nc2ccccc2-n2cccn2)n1,CCN1C(=O)CCCc2c1ccc(Nc1ncc(Cl)c(Nc3ccccc3-n3cccn3)n1)c2OC,train
C1CNC1.Cc1ccc(-c2noc(Cl)n2)cc1[N+](=O)[O-],Cc1ccc(-c2noc(N3CCC3)n2)cc1[N+](=O)[O-],train
CC(C)(C)OC(=O)CC1CCn2c1cc1cc(OCc3cc(C#N)cc(OC(F)(F)F)c3)ccc12,N#Cc1cc(COc2ccc3c(c2)cc2n3CCC2CC(=O)O)cc(OC(F)(F)F)c1,train
N#CCCCN1CCC(Cc2nc3ccccc3n2Cc2ccco2)CC1,NCCCCN1CCC(Cc2nc3ccccc3n2Cc2ccco2)CC1,train
CCOC(=O)c1c(O)c2ncc(Cc3ccccc3)cc2n(Cc2ccc(S(C)(=O)=O)cc2)c1=O.NCCN1CCCC1,CS(=O)(=O)c1ccc(Cn2c(=O)c(C(=O)NCCN3CCCC3)c(O)c3ncc(Cc4ccccc4)cc32)cc1,train
COc1nc(Cc2cccc(Br)c2N)nc(OC)n1.O=S(=O)(Cl)C(F)F,COc1nc(Cc2cccc(Br)c2NS(=O)(=O)C(F)F)nc(OC)n1,train
CC(=O)c1cnc2nnn(Cc3ccc4ncccc4c3)c2n1.NN1CCNC1=O,C/C(=N\N1CCNC1=O)c1cnc2nnn(Cc3ccc4ncccc4c3)c2n1,train
COc1ccc2c(c1)C(C)(C)C(=O)CC2.NO,COc1ccc2c(c1)C(C)(C)C(=NO)CC2,train
CCCCOc1nc(N)c2nc(OC)n(CCCC3CCCCN3C(=O)OCc3ccccc3)c2n1,CCCCOc1nc(N)c2nc(OC)n(CCCC3CCCN(C(=O)OCc4ccccc4)C3)c2n1,train
BrCc1ccccc1.OCCOc1cccc(O)c1,OCCOc1cccc(OCc2ccccc2)c1,train
COC(=O)c1cccc([C@@H]2C[C@H]2NC(=O)OC(C)(C)C)c1,CC(C)(C)OC(=O)N[C@@H]1C[C@H]1c1cccc(C(=O)O)c1,train
CC(C)(C)OC(=O)OC(=O)OC(C)(C)C.OC1CNCCN(c2cccc(Br)n2)C1,CC(C)(C)OC(=O)N1CCN(c2cccc(Br)n2)CC(O)C1,train
CC(C)N1CCn2c(Cc3cccc(Cl)c3Cl)nc(=O)c(OCc3ccccc3)c2C1=O,CC(C)N1CCn2c(Cc3cccc(Cl)c3Cl)nc(=O)c(O)c2C1=O,train
COc1cc2nccc(Oc3ccc(NC(=O)Nc4ccccc4)cc3)c2cc1C#N,COc1cc2nccc(Oc3ccc(NC(=O)Nc4ccccc4)cc3)c2cc1CN,train
Cc1ccc2nc(N3CCS(=O)(=O)c4cc(O)ccc4C3)cc(Cl)c2c1.Ic1ccccc1,Cc1ccc2nc(N3CCS(=O)(=O)c4cc(Oc5ccccc5)ccc4C3)cc(Cl)c2c1,train
COC(=O)C(Cc1ccc(C(F)(F)P(=O)(OC(C)(C)C)OC(C)(C)C)cc1)(Cc1ccc(C(F)(F)P(=O)(OC(C)(C)C)OC(C)(C)C)cc1)C(=O)OCc1ccccc1,COC(=O)C(Cc1ccc(C(F)(F)P(=O)(OC(C)(C)C)OC(C)(C)C)cc1)(Cc1ccc(C(F)(F)P(=O)(OC(C)(C)C)OC(C)(C)C)cc1)C(=O)O,train
CC(C)(C)OC(=O)N1CCN(Cc2cccc(OCc3ccccc3)c2)CC1,CC(C)(C)OC(=O)N1CCN(Cc2cccc(O)c2)CC1,train
NCc1ccc(C(=O)O)cc1.O=C(OC(=O)C(F)(F)F)C(F)(F)F,O=C(O)c1ccc(CNC(=O)C(F)(F)F)cc1,train
COc1ccc(Cn2cc(-c3ccnc(NC(C)(C)C)c3)c(-c3cccc(N)c3)n2)cc1.O=C=Nc1ccc(C(F)(F)F)cc1,COc1ccc(Cn2cc(-c3ccnc(NC(C)(C)C)c3)c(-c3cccc(NC(=O)Nc4ccc(C(F)(F)F)cc4)c3)n2)cc1,train
CC(C)(C)OC(=O)N1CC=C(OS(=O)(=O)C(F)(F)F)CC1.O=[N+]([O-])c1ccc(B(O)O)cc1,CC(C)(C)OC(=O)N1CC=C(c2ccc([N+](=O)[O-])cc2)CC1,train
CCCCc1c(C(=O)Cl)nc(-c2ccccc2Cl)n1-c1ccc(Cl)cc1.NN1CCCCC1,CCCCc1c(C(=O)NN2CCCCC2)nc(-c2ccccc2Cl)n1-c1ccc(Cl)cc1,train
CC(C)(C)OC(=O)OC(=O)OC(C)(C)C.O=C(O)[C@@H]1NCC[C@@H]1O,CC(C)(C)OC(=O)N1CC[C@H](O)[C@@H]1C(=O)O,train
CC(C)(C)OC(=O)[C@@H]1C[C@H](CO)CN1C(=O)OC(C)(C)C.CS(=O)(=O)Cl,CC(C)(C)OC(=O)[C@@H]1C[C@H](COS(C)(=O)=O)CN1C(=O)OC(C)(C)C,train
COC(=O)c1cc(NC(=O)c2ccccc2Cl)[nH]n1,O=C(O)c1cc(NC(=O)c2ccccc2Cl)[nH]n1,train
COC(=O)c1cc(C(=O)Nc2cc(C(F)(F)F)ccc2F)ccc1C,Cc1ccc(C(=O)Nc2cc(C(F)(F)F)ccc2F)cc1C(=O)O,train
CNCCCCS(=O)(=O)CCC(F)(F)C(F)(F)F.Oc1ccc2c(c1)CCCC(c1ccc(F)c(F)c1)=C2CCCCCCBr,CN(CCCCCCC1=C(c2ccc(F)c(F)c2)CCCc2cc(O)ccc21)CCCCS(=O)(=O)CCC(F)(F)C(F)(F)F,train
CC(C)(C)n1cc(O)cn1.CCNC(=O)F,CCNC(=O)Oc1cnn(C(C)(C)C)c1,train
CCOC(=O)CBr.CCc1c(O)cccc1-c1noc(-c2ccc(OC(C)C)c(C#N)c2)n1,CCOC(=O)COc1cccc(-c2noc(-c3ccc(OC(C)C)c(C#N)c3)n2)c1CC,train
C=C[Mg+].COCCCN1CCOc2ccc(CO[C@H]3CN(S(=O)(=O)c4ccc(C)cc4)[C@@H](CC(=O)N(C)OC)C[C@@H]3c3ccc(OC)cc3)cc21,C=CC(=O)C[C@H]1C[C@H](c2ccc(OC)cc2)[C@@H](OCc2ccc3c(c2)N(CCCOC)CCO3)CN1S(=O)(=O)c1ccc(C)cc1,train
CN(C)CCN.COC(=O)Cc1ccc(OCc2ccc(-c3ccccc3)cc2)cc1,CN(C)CCNC(=O)Cc1ccc(OCc2ccc(-c3ccccc3)cc2)cc1,train
NC(=O)[C@@H](N)CC1CC1.O=C(O)c1ccc(N2CC(F)(F)C2)c(OCC2CC2)n1,NC(=O)[C@H](CC1CC1)NC(=O)c1ccc(N2CC(F)(F)C2)c(OCC2CC2)n1,train
COc1cc(C)c2c(c1Br)c1cc(C)sc1c(=O)n2COCC[Si](C)(C)C.C[C@@H](CNC(=O)OC(C)(C)C)c1ccc(B2OC(C)(C)C(C)(C)O2)cc1,COc1cc(C)c2c(c1-c1ccc([C@@H](C)CNC(=O)OC(C)(C)C)cc1)c1cc(C)sc1c(=O)n2COCC[Si](C)(C)C,train
Cc1cc(C=O)c2cccc(OCc3ccccc3)c2n1,Cc1cc(CO)c2cccc(OCc3ccccc3)c2n1,train
Cc1ccc(C#N)cn1.O=C(OO)c1cccc(Cl)c1,Cc1ccc(C#N)c[n+]1[O-],train
N[C@@H]1CCC[C@H](C(=O)O)C1,N[C@@H]1CCC[C@H](CO)C1,train
CC(C)(C)OC(=O)N1CCN(c2ccccc2OC2CCCNC2)CC1.O=C(Cl)c1ccccc1,CC(C)(C)OC(=O)N1CCN(c2ccccc2OC2CCCN(C(=O)c3ccccc3)C2)CC1,train
CCOC(=O)Cl.CC[C@H]1C[C@@H](NC(=O)O[C@@H](C)c2ccccc2)c2nc(OC)ccc2N1,CCOC(=O)N1c2ccc(OC)nc2[C@H](NC(=O)O[C@@H](C)c2ccccc2)C[C@@H]1CC,train
COC(=O)C(Cc1ccccc1)NC(=S)Nc1nc(C)cs1,Cc1csc(N2C(=O)C(Cc3ccccc3)NC2=S)n1,train
COCOc1cnc(OC)cc1C1(O)C(=O)N(C(c2ccccc2)c2ccccc2)c2ccccc21,COc1cc(C2(O)C(=O)N(C(c3ccccc3)c3ccccc3)c3ccccc32)c(O)cn1,train
N#Cc1ccc(CBr)s1.[N-]=[N+]=[N-],N#Cc1ccc(CN=[N+]=[N-])s1,train
CN(C)C1(c2cccs2)CCN(CCNC(=O)OC(C)(C)C)CC1,CN(C)C1(c2cccs2)CCN(CCN)CC1,train
COC(=O)C1(C)CCN(C(=O)OC(C)(C)C)CC1,COC(=O)C1(C)CCNCC1,train
CCOC(=O)c1cnc(N2CCOCC2)cc1Oc1ccccc1,O=C(O)c1cnc(N2CCOCC2)cc1Oc1ccccc1,train
CCOC(=O)CCc1ccc(OC)c(C)c1C(F)(F)F,CCOC(=O)CCc1ccc(O)c(C)c1C(F)(F)F,train
O=C(c1ccc(Cl)cc1)N1CC(O)C(N2CCNCC2)C1.O=Cc1ccc(Cl)cc1,O=C(c1ccc(Cl)cc1)N1CC(O)C(N2CCN(Cc3ccc(Cl)cc3)CC2)C1,train
COc1cc2ncnc(N3CCNCC3)c2cc1OC.O=C(Cl)N(c1ccccc1)c1ccccc1,COc1cc2ncnc(N3CCN(C(=O)N(c4ccccc4)c4ccccc4)CC3)c2cc1OC,train
O=C(OCc1ccccc1)[C@@H]1CC(=O)N1Cc1ccccc1,O=C(O)[C@@H]1CC(=O)N1Cc1ccccc1,train
CCOC(=O)CN.O=C(SCCC(=O)N1[C@@H](c2ccccc2O)SC[C@H]1C(=O)O)c1ccccc1,CCOC(=O)CNC(=O)[C@@H]1CS[C@H](c2ccccc2O)N1C(=O)CCSC(=O)c1ccccc1,train
CSc1ccc(CO)cc1.O=C1CCNCC1C(c1ccccc1)c1ccccc1,CSc1ccc(CN2CCC(=O)C(C(c3ccccc3)c3ccccc3)C2)cc1,train
CC(C)c1noc(N2CCC(COc3ccc(Br)cc3)CC2)n1.O=S(=O)(NCCO)c1ccc(B(O)O)cc1,CC(C)c1noc(N2CCC(COc3ccc(-c4ccc(S(=O)(=O)NCCO)cc4)cc3)CC2)n1,train
Nc1ccc(S(=O)(=O)c2cccc(OC(F)(F)F)c2)cc1.O=C(Cl)C=Cc1cccnc1,O=C(C=Cc1cccnc1)Nc1ccc(S(=O)(=O)c2cccc(OC(F)(F)F)c2)cc1,train
Brc1cnc(N[C@@H]2CCCNC2)nc1.Cc1nc(C(=O)O)c(-c2ccc(C)c(C)c2)s1,Cc1nc(C(=O)N2CCC[C@@H](Nc3ncc(Br)cn3)C2)c(-c2ccc(C)c(C)c2)s1,train
CCOC(=O)CC1CCC(c2ncc(-c3ccc(NC(=O)c4nc(-c5ccccc5)oc4C(F)(F)F)cc3)s2)CC1,CCOC(=O)CC1CCC(c2ncc(-c3ccc(NC(=O)c4nc(-c5ccccc5)oc4C)cc3)s2)CC1,train
CCC1=C(C(=O)OCc2ccccc2)C(c2ccc(F)cc2F)NC(OC)=N1.O=C(Cl)Oc1ccc([N+](=O)[O-])cc1,CCC1=C(C(=O)OCc2ccccc2)C(c2ccc(F)cc2F)N(C(=O)Oc2ccc([N+](=O)[O-])cc2)C(OC)=N1,train
COc1cc(OC)cc(C(=CC#N)c2ccc(O[Si](C)(C)C(C)(C)C)c(OC)c2)c1,COc1cc(OC)cc(C(=CC#N)c2ccc(O)c(OC)c2)c1,train
CC(C)(C)OC(=O)Cn1cnc(-c2ccc([N+](=O)[O-])cc2)c1,CC(C)(C)OC(=O)Cn1cnc(-c2ccc(N)cc2)c1,train
COc1cc(N2CCN(C(C)C)CC2)c(F)cc1[N+](=O)[O-],COc1cc(N2CCN(C(C)C)CC2)c(F)cc1N,train
CC1(C)OB(c2ccoc2)OC1(C)C.O=C(O)NCc1cccc(Br)c1,O=C(O)NCc1cccc(-c2ccoc2)c1,train
CON(C)C(=O)c1cn(-c2cccc(-c3cccnc3F)c2)cn1.Cc1ccnc(Br)c1,Cc1ccnc(C(=O)c2cn(-c3cccc(-c4cccnc4F)c3)cn2)c1,train
COc1ncc(Cl)nc1N.O=S(=O)(Cl)c1cccc(Cl)c1Cl,COc1ncc(Cl)nc1NS(=O)(=O)c1cccc(Cl)c1Cl,train
COc1ccc(-c2cc(N)on2)cc1.Cc1ccccc1C(=O)Cl,COc1ccc(-c2cc(NC(=O)c3ccccc3C)on2)cc1,train
COC(=O)CCCCCCN.O=C(O)C(=O)c1cn2c3c(cccc13)CCC2,COC(=O)CCCCCCNC(=O)C(=O)c1cn2c3c(cccc13)CCC2,train
COc1ccccc1B(O)O.O=Cc1ccc(Br)s1,COc1ccccc1-c1ccc(C=O)s1,train
CC(C)(C)n1cc(C(=O)c2cncc(N)c2)c2cnc(N)nc21.O=C(O)Cn1cc(C2CC2)cn1,CC(C)(C)n1cc(C(=O)c2cncc(NC(=O)Cn3cc(C4CC4)cn3)c2)c2cnc(N)nc21,train
COC(=O)c1cnc(Cl)cc1C(F)(F)F.COc1ccc(B(O)O)c(F)c1,COC(=O)c1cnc(-c2ccc(OC)cc2F)cc1C(F)(F)F,train
CC(C)C=O.CCCCC(CC)CO,CCCCC(C=O)CC,train
CC1CN(c2ccc(C(F)(F)F)cn2)C(C)CN1.O=C(CBr)Nc1ccc(Br)nc1,CC1CN(c2ccc(C(F)(F)F)cn2)C(C)CN1CC(=O)Nc1ccc(Br)nc1,train
CCCCCC(C=C(Br)Br)c1ccc2c(c1)N(C(=O)OC(C)(C)C)CCC2(C)C,C#CC(CCCCC)c1ccc2c(c1)N(C(=O)OC(C)(C)C)CCC2(C)C,train
CC(C)(C)C(=O)Cl.CCCCCCCCCCCC(=O)N(C)CCO,CCCCCCCCCCCC(=O)N(C)CCOC(=O)C(C)(C)C,train
CN(C)C=O.COc1cc(Br)cc(C(C)C)c1,COc1cc(C=O)cc(C(C)C)c1,train
CC(C)(C)OC(=O)N1CCC(CCS(=O)(=O)c2ccc(O)cc2)CC1.N#CCBr,CC(C)(C)OC(=O)N1CCC(CCS(=O)(=O)c2ccc(OCC#N)cc2)CC1,train
C[C@H](c1ccccc1)N(CC(=O)OC(C)(C)C)S(=O)(=O)c1ccc2c(Cl)cnc(NC(=N)N)c2c1,C[C@H](c1ccccc1)N(CC(=O)O)S(=O)(=O)c1ccc2c(Cl)cnc(NC(=N)N)c2c1,train
CC(=O)c1cnc2c(c1)c(O)c(-c1ccccc1)c(=O)n2OCc1ccccc1.NCc1cccc(Cl)c1,CC(NCc1cccc(Cl)c1)c1cnc2c(c1)c(O)c(-c1ccccc1)c(=O)n2OCc1ccccc1,train
COc1cc(C(=O)N2CCN(C(=O)CCCC=C(c3ccc(F)cc3)c3ccc(F)cc3)CC2)cc(OC)c1OC.OO,COc1cc(C(=O)N2CCN(C(=O)CCCC(O)C(c3ccc(F)cc3)c3ccc(F)cc3)CC2)cc(OC)c1OC,train
C=CCCC(=O)N1CCc2nnc(Cl)cc2C1.CNN,C=CCCC(=O)N1CCc2nnc(N(C)N)cc2C1,train
CN1Cc2cc(Cl)ccc2-n2c(Br)nnc2C1.O=C1OC2(CCNCC2)c2ccccc21,CN1Cc2cc(Cl)ccc2-n2c(nnc2N2CCC3(CC2)OC(=O)c2ccccc23)C1,train
Nc1ccc2oc(-c3ccc4c(c3)OCO4)c(O)c(=O)c2c1.O=S(=O)(Cl)c1ccc(Br)cc1,O=c1c(O)c(-c2ccc3c(c2)OCO3)oc2ccc(NS(=O)(=O)c3ccc(Br)cc3)cc12,train
CC(C)(C)OC(=O)CC1CC(C=O)OC(C)(C)O1.CC(C)n1c(C[P+](c2ccccc2)(c2ccccc2)c2ccccc2)c(-c2ccc(F)cc2)c(-c2ccccc2)c1C(=O)NCc1ccc(COC(=O)C(C)(C)C)cc1,CC(C)n1c(C=CC2CC(CC(=O)OC(C)(C)C)OC(C)(C)O2)c(-c2ccc(F)cc2)c(-c2ccccc2)c1C(=O)NCc1ccc(COC(=O)C(C)(C)C)cc1,train
CC[S-].O=C(O)c1cc(-c2[nH]c(-c3ccccc3)nc2-c2ccncc2)ccc1F,CCSc1ccc(-c2[nH]c(-c3ccccc3)nc2-c2ccncc2)cc1C(=O)O,train
CC(=O)Cl.Nc1ccc(Br)cc1CO,CC(=O)Nc1ccc(Br)cc1CO,train
O=C1Nc2ccccc2C1(O)c1cc(Br)ccc1O,O=C1Nc2ccccc2C1c1cc(Br)ccc1O,train
C=CCN.Cc1c(C(=O)O)ccc(S(C)(=O)=O)c1F,C=CCNc1c(S(C)(=O)=O)ccc(C(=O)O)c1C,train
COc1ccccc1N1CCC2(CC1)OCCO2,COc1ccccc1N1CCC(=O)CC1,train
CCOC(=O)CNC(=C(C#N)C#N)N1CCC[C@@H](NC(=O)OC(C)(C)C)C1.Clc1ccccc1CBr,CCOC(=O)CN(Cc1ccccc1Cl)C(=C(C#N)C#N)N1CCC[C@@H](NC(=O)OC(C)(C)C)C1,train
Cc1cccc(-c2nccnc2N2CCN(C(=O)OC(C)(C)C)CC2)c1,Cc1cccc(-c2nccnc2N2CCNCC2)c1,train
Nn1nc(C(F)(F)F)c2ccccc2c1=O.O=C(O)CSC12CC3CC(CC(C3)C1)C2,O=C(CSC12CC3CC(CC(C3)C1)C2)Nn1nc(C(F)(F)F)c2ccccc2c1=O,train
CCOC(=O)c1coc(C(C)(C)O)n1.C[C@@H](CN)n1ccc(-c2cc(F)c(C#N)c(Cl)c2)n1,C[C@@H](CNC(=O)c1coc(C(C)(C)O)n1)n1ccc(-c2cc(F)c(C#N)c(Cl)c2)n1,train
CC(C)(C)OC(=O)NN.COc1c(C(=O)O)ccc2c1c(/C=C/c1cccc(F)c1)nn2C(c1ccccc1)(c1ccccc1)c1ccccc1,COc1c(C(=O)NNC(=O)OC(C)(C)C)ccc2c1c(/C=C/c1cccc(F)c1)nn2C(c1ccccc1)(c1ccccc1)c1ccccc1,train
O=C1OCc2cc(-c3ccc(C4OCCO4)s3)ccc21,O=Cc1ccc(-c2ccc3c(c2)COC3=O)s1,train
CO[C@@H]1CC[C@@H](NC(C)=O)c2ccccc21,CO[C@@H]1CC[C@@H](N)c2ccccc21,train
COC(=O)[C@H](Cc1ccc(O)cc1)NC(=O)[C@@H](NC(=O)[C@H](CCCNC(=N)N)N(C(=O)OC(C)(C)C)[N+](=O)[O-])C(C)C,COC(=O)[C@H](Cc1ccc(O)cc1)NC(=O)[C@@H](NC(=O)[C@H](CCCNC(=N)N)N[N+](=O)[O-])C(C)C,train
CS(=O)(=O)OCc1cc(F)c(Br)cc1F.C[C@H]1CCC(c2ccccc2)S(=O)(=O)N1,C[C@H]1CCC(c2ccccc2)S(=O)(=O)N1Cc1cc(F)c(Br)cc1F,train
CC(C)(C)[Si](C)(C)O[C@H]1C[C@H](n2cc(I)c3c(N)ncnc32)OC1(CO)CO,CC(C)(C)[Si](C)(C)O[C@H]1C[C@H](n2cc(I)c3c(N)ncnc32)O[C@]1(C=O)CO,train
COC(=O)c1ccc2c(C(=O)c3ccc(OCCN4CCCCC4)cc3)c(-c3ccc(O)cc3)sc2c1.ClCCN1CCCC1,COC(=O)c1ccc2c(C(=O)c3ccc(OCCN4CCCCC4)cc3)c(-c3ccc(OCCN4CCCC4)cc3)sc2c1,train
COCCOCCOCCOc1cc(Nc2nccc(Oc3ccc(NC(=O)Nc4cc(C(C)(C)C)cc(N)c4OC)c4ccccc34)n2)cc(OC)c1.Clc1ncccn1,COCCOCCOCCOc1cc(Nc2nccc(Oc3ccc(NC(=O)Nc4cc(C(C)(C)C)cc(Nc5ncccn5)c4OC)c4ccccc34)n2)cc(OC)c1,train
C#CCBr.Cn1nc(-c2cc3c(cc2F)NC(=O)CO3)c(Cl)c1C(F)(F)F,C#CCN1C(=O)COc2cc(-c3nn(C)c(C(F)(F)F)c3Cl)c(F)cc21,train
COc1ccc(Cn2nccc2N)cc1.Cc1ccccc1-n1nnnc1SCC(=O)O,COc1ccc(Cn2nccc2NC(=O)CSc2nnnn2-c2ccccc2C)cc1,train
Cc1c(C=O)[nH]c2c1C(=O)N(CCN1CCCC1)CCC2.O=C1Cc2cc(-c3ccccc3)ccc2N1,Cc1c(/C=C2\C(=O)Nc3ccc(-c4ccccc4)cc32)[nH]c2c1C(=O)N(CCN1CCCC1)CCC2,train
FC(F)(F)Oc1cc(Br)ccc1I.O=C(O)CC(O)(CC(=O)O)C(=O)O,O=Cc1ccc(Br)cc1OC(F)(F)F,train
COc1ccc2c(c1)C(c1ccc(Cl)cc1)=N[C@@H](CC(=O)NCCCNC(=O)OC(C)(C)C)c1nnc(C)n1-2,COc1ccc2c(c1)C(c1ccc(Cl)cc1)=N[C@@H](CC(=O)NCCCN)c1nnc(C)n1-2,train
COC(=O)c1cc2cccc(C)c2o1.O=C1CCC(=O)N1Br,COC(=O)c1cc2cccc(CBr)c2o1,train
CC(=O)Nc1ccc(Sc2cccn3nc(Cl)nc23)cc1.CC(C)(C)OC(=O)N1CCC(c2ccc(N)cc2)CC1,CC(=O)Nc1ccc(Sc2cccn3nc(Nc4ccc(C5CCN(C(=O)OC(C)(C)C)CC5)cc4)nc23)cc1,train
CC[C@H](NS(=O)(=O)c1ccc(C(=O)OC)cc1)c1ccccc1.N#Cc1ccc(CBr)cc1,CC[C@@H](c1ccccc1)N(Cc1ccc(C#N)cc1)S(=O)(=O)c1ccc(C(=O)OC)cc1,train
COc1ccc(CCN2CC3C[Se]CC(C2)C3=O)cc1,COc1ccc(CCN2CC3C[Se]CC(C3)C2)cc1,train
CC(C)(C)OC(=O)N1CCC(NC(=O)c2ccc(-c3cccc(F)c3)nc2)C(c2ccc(F)cc2)C1,O=C(NC1CCNCC1c1ccc(F)cc1)c1ccc(-c2cccc(F)c2)nc1,train
C=CCBr.CC1(C)COC(c2ccc(Br)cc2)OC1,C=CCc1ccc(C2OCC(C)(C)CO2)cc1,train
N[C@H]1CN2CCC1CC2.O=C(O)/C=C/c1ccoc1,O=C(/C=C/c1ccoc1)N[C@H]1CN2CCC1CC2,train
CCOC(=O)CC1CCNCC1.O=C(NCC1CCCCC1)c1c(Cl)ccc2nc(Cl)ccc12,CCOC(=O)CC1CCN(c2ccc3c(C(=O)NCC4CCCCC4)c(Cl)ccc3n2)CC1,train
CCCc1ccc(C(CN2CCNCC2)C2(O)CCCCC2)cc1,CC#Cc1ccc(C(CN2CCNCC2)C2(O)CCCCC2)cc1,train
Cc1cc(F)ccc1[C@H]1CNCC[C@@H]1C(=O)N(C)[C@H](C)c1cc(C(F)(F)F)cc(C(F)(F)F)c1.NC(=O)CI,Cc1cc(F)ccc1[C@H]1CN(CC(N)=O)CC[C@@H]1C(=O)N(C)[C@H](C)c1cc(C(F)(F)F)cc(C(F)(F)F)c1,train
O=C(O)c1cc(F)nc(F)c1,OCc1cc(F)nc(F)c1,train
C#Cc1cc(OC)c2c(c1)C(C)(C)CCC2N(C)C1CC1.COC(=O)Cc1ccc(I)cc1F,COC(=O)Cc1ccc(C#Cc2cc(OC)c3c(c2)C(C)(C)CCC3N(C)C2CC2)cc1F,train
CC(C)(C)OC(=O)N1CC(=O)Nc2ccccc2C1.CI,CN1C(=O)CN(C(=O)OC(C)(C)C)Cc2ccccc21,train
O=C(CCCN1CCC(C(O)(c2ccccc2)c2ccccc2)CC1)c1ccc(Br)cc1.OB(O)c1ccccc1,O=C(CCCN1CCC(C(O)(c2ccccc2)c2ccccc2)CC1)c1ccc(-c2ccccc2)cc1,train
COc1ccc(CCBr)cc1.O=C(c1nc2ccccc2s1)C1CCNCC1,COc1ccc(CCN2CCC(C(=O)c3nc4ccccc4s3)CC2)cc1,train
CCCNC(=O)c1nnc2c(Br)cccc2c1N.COc1ncc(B(O)O)cn1,CCCNC(=O)c1nnc2c(-c3cnc(OC)nc3)cccc2c1N,train
CCCCCC1CCc2c(I)c(OCOC)c(F)c(F)c2O1,CCCCCC1CCc2c(I)c(O)c(F)c(F)c2O1,train
CC1(CCl)CO1.O=C1CCN(C(=O)/C=C/c2ccc(Cl)c(Cl)c2)CCN1,CC1(CN2CCN(C(=O)/C=C/c3ccc(Cl)c(Cl)c3)CCC2=O)CO1,train
COc1cc(C(C)(C)C)c(O)c(C(=O)Nc2ccc(S(=O)(=O)C(F)(F)F)cc2Cl)c1C,Cc1c(O)cc(C(C)(C)C)c(O)c1C(=O)Nc1ccc(S(=O)(=O)C(F)(F)F)cc1Cl,train
O=[N+]([O-])c1cc(Br)c2[nH]ccc2c1,Nc1cc(Br)c2[nH]ccc2c1,train
CCOC(=O)c1c(O)cc(C)n(C)c1=O.Nc1ncc[nH]1,Cc1cc(O)c(C(=O)Nc2ncc[nH]2)c(=O)n1C,train
CC[C@@H](CN(C)S(=O)(=O)C1CC1)N1C(=O)[C@@](C)(CC(=O)O)C[C@H](c2cccc(Cl)c2)[C@H]1c1ccc(Cl)cc1.CN(C)C(On1nnc2ccccc21)=[N+](C)C,CC[C@@H](CN(C)S(=O)(=O)C1CC1)N1C(=O)[C@@](C)(CC(N)=O)C[C@H](c2cccc(Cl)c2)[C@H]1c1ccc(Cl)cc1,train
COc1cc2c(Oc3ccc4[nH]c(C)cc4c3F)ncnc2cc1OC[C@@H]1CCCN1.CS(=O)(=O)Cl,COc1cc2c(Oc3ccc4[nH]c(C)cc4c3F)ncnc2cc1OC[C@@H]1CCCN1S(C)(=O)=O,train
CN(C(=O)Cl)c1ccccc1.Oc1ccc(Oc2ccc(Cl)c(Cl)c2)nn1,CN(C(=O)Oc1ccc(Oc2ccc(Cl)c(Cl)c2)nn1)c1ccccc1,train
Nc1ncc(Br)cc1C(=O)c1cccc(N2CCCNCC2)n1.O=C(O)CC(F)(F)F,Nc1ncc(Br)cc1C(=O)c1cccc(N2CCCN(C(=O)CC(F)(F)F)CC2)n1,train
CN1CC[C@]23CC(=O)CC[C@H]2[C@H]1Cc1cccc(O)c13.Clc1nnnn1-c1ccccc1,CN1CC[C@]23CC(=O)CC[C@H]2[C@H]1Cc1cccc(Oc2nnnn2-c2ccccc2)c13,train
CN1CC[C@]23c4c5ccc(O)c4O[C@H]2[C@@H](O)C=C[C@H]3[C@H]1C5.O=C1c2ccccc2C(=O)N1CCCBr,CN1CC[C@]23c4c5ccc(OCCCN6C(=O)c7ccccc7C6=O)c4O[C@H]2[C@@H](O)C=C[C@H]3[C@H]1C5,train
CC(C)C(=O)Nc1cccc(C2CCN(CCCCC(=O)c3ccc(C(F)(F)F)cc3)CC2)c1.Cc1ccc(NN)cc1,Cc1ccc2[nH]c(-c3ccc(C(F)(F)F)cc3)c(CCCN3CCC(c4cccc(NC(=O)C(C)C)c4)CC3)c2c1,train
NC1(Cl)N=C(Cc2ccccc2)C([N+](=O)[O-])=CN1.c1nnn[nH]1,NC1(n2cnnn2)N=C(Cc2ccccc2)C([N+](=O)[O-])=CN1,train
CS(=O)(=O)c1ccc(C=O)cc1.Nc1ccc(-c2c(N)nc(N)nc2C2CCCC2)cc1,CS(=O)(=O)c1ccc(CNc2ccc(-c3c(N)nc(N)nc3C3CCCC3)cc2)cc1,train
CC[C@H](N)C(=O)C(=O)NC1CC1.O=C(O)[C@@H]1C[C@@H](S(=O)(=O)c2ccc(N3CCOCC3)cc2Cl)CN1C(=O)C1(c2ccc(Cl)cc2)CC1,CC[C@H](NC(=O)[C@@H]1C[C@@H](S(=O)(=O)c2ccc(N3CCOCC3)cc2Cl)CN1C(=O)C1(c2ccc(Cl)cc2)CC1)C(=O)C(=O)NC1CC1,train
CN.COC(=O)c1cnc(-c2nc3c(s2)CCN(C2CCC2)CC3)cn1,CNC(=O)c1cnc(-c2nc3c(s2)CCN(C2CCC2)CC3)cn1,train
CI.COc1cc2c(cc1OC)-c1cc(=O)[nH]c(=O)n1CC2,COc1cc2c(cc1OC)-c1cc(=O)n(C)c(=O)n1CC2,train
COc1cc(-c2ccc(Cl)c(C)c2)c(F)cc1Nc1ccc(Br)cc1C=O.SCc1ccccc1,COc1cc(-c2ccc(Cl)c(C)c2)c(F)cc1Nc1ccc(SCc2ccccc2)cc1C=O,train
COc1ccc(Cn2c(NN)cc(=O)n(C)c2=O)cc1.O=Cc1ccc(-c2ccccc2)cc1,COc1ccc(Cn2c(NN=Cc3ccc(-c4ccccc4)cc3)cc(=O)n(C)c2=O)cc1,train
O=C(O)C[C@@H]1Cc2ccc3[nH]ncc3c2CN(Cc2ccccc2)C1=O.O=C1Nc2ccccc2CC1N1CCNCC1,O=C1Nc2ccccc2CC1N1CCN(C(=O)C[C@@H]2Cc3ccc4[nH]ncc4c3CN(Cc3ccccc3)C2=O)CC1,train
CC(C)N1CCN(C(=O)OC(C)(C)C)[C@H](C)C1,CC(C)N1CCN[C@H](C)C1,train
COC(=O)c1ccc(NC(=O)c2ccccc2-c2ccccc2)cc1,O=C(O)c1ccc(NC(=O)c2ccccc2-c2ccccc2)cc1,train
Cc1cccc(C2NC(=O)CC(c3cccc(Cl)c3)C23C(=O)Nc2cc(Cl)ccc23)c1,Cc1cccc(C2NCCC(c3cccc(Cl)c3)C23C(=O)Nc2cc(Cl)ccc23)c1,train
Ic1ccccc1.Nc1cc[nH]n1,Nc1ccn(-c2ccccc2)n1,train
CN1CCc2sccc2C(O)C1.Fc1ccccc1Br,CN1CCc2sccc2C(Oc2ccccc2Br)C1,train
Cc1ccc(O)cc1.O=C(Cl)CCCl,Cc1ccc(OC(=O)CCCl)cc1,train
CC(C)(C)OC(=O)CCOCCCc1cccc(-c2nc(=O)c3ccccc3s2)n1,O=C(O)CCOCCCc1cccc(-c2nc(=O)c3ccccc3s2)n1,train
CCOC(=O)C1CC=C(c2ccc(N)c3c(=O)c(C)c[nH]c23)CC1,CCOC(=O)[C@H]1CC[C@@H](c2ccc(N)c3c(=O)c(C)c[nH]c32)CC1,train
O=C(O)c1ccc(CBr)cc1Br,OCc1ccc(CBr)cc1Br,train
COC(=O)c1ccc2nc(-c3ccc(F)cc3)c(N3CCCc4ccc(F)cc43)nc2c1,O=C(O)c1ccc2nc(-c3ccc(F)cc3)c(N3CCCc4ccc(F)cc43)nc2c1,train
CC(C)(C)OC(=O)N1CCC(O)CC1.O=[N+]([O-])c1ccc(O)cc1F,CC(C)(C)OC(=O)N1CCC(Oc2ccc([N+](=O)[O-])c(F)c2)CC1,train
O=C1S/C(=C\c2ccc3c(cnn3Cc3ccc(Cl)cc3C(F)(F)F)c2)C(=O)N1[C@@H]1CCNC[C@H]1F.OCCBr,O=C1S/C(=C\c2ccc3c(cnn3Cc3ccc(Cl)cc3C(F)(F)F)c2)C(=O)N1[C@@H]1CCN(CCO)C[C@H]1F,train
COCC(=O)Cl.Cc1[nH]c2c(-c3c(OCC4CC4)ccc4c3OCO4)ncnc2c1C(=O)N[C@@H]1CCNC1,COCC(=O)N1CC[C@@H](NC(=O)c2c(C)[nH]c3c(-c4c(OCC5CC5)ccc5c4OCO5)ncnc23)C1,train
COC(=O)c1ccnc(Cl)c1.C[O-],COC(=O)c1ccnc(OC)c1,train
Cc1[nH]c2ccc(Br)cc2c1C.Fc1cccnc1,Cc1c(C)n(-c2cccnc2)c2ccc(Br)cc12,train
CCOc1ccc(-c2nc3ccccn3c2-c2ccnc(Cl)n2)cc1C(=O)Nc1c(F)cccc1F.COc1cc(C2CCN(CC(C)C)CC2)ccc1N,CCOc1ccc(-c2nc3ccccn3c2-c2ccnc(Nc3ccc(C4CCN(CC(C)C)CC4)cc3OC)n2)cc1C(=O)Nc1c(F)cccc1F,train
O=C(Cl)C12CC3CC(CC(C3)C1)C2.O=S(=O)([O-])CCCO,O=C(OCCCS(=O)(=O)[O-])C12CC3CC(CC(C3)C1)C2,train
O=C(C=Cc1ccc(Cn2cc(-c3ccc(CN4CCCC4)cc3)nn2)cc1)NOC1CCCCO1,O=C(C=Cc1ccc(Cn2cc(-c3ccc(CN4CCCC4)cc3)nn2)cc1)NO,train
Cc1c(I)sc2c(N3CCOCC3)nc(Cl)nc12.O=Cc1cc(B(O)O)cs1,Cc1c(-c2csc(C=O)c2)sc2c(N3CCOCC3)nc(Cl)nc12,train
CC(C)(C)[Si](C)(C)OC1CCc2ccc(B(O)O)cc21.CCCCc1nc(C)[nH]c(=O)c1Cc1ccc(-c2ccccc2C#N)cc1,CCCCc1nc(C)n(-c2ccc3c(c2)C(O[Si](C)(C)C(C)(C)C)CC3)c(=O)c1Cc1ccc(-c2ccccc2C#N)cc1,train
CC(=O)OCc1cc2c(cc1[N+](=O)[O-])[C@H](NC(=O)C(F)(F)F)CCC2,O=C(N[C@@H]1CCCc2cc(CO)c([N+](=O)[O-])cc21)C(F)(F)F,train
CC(C)(C)OC(=O)OC(=O)OC(C)(C)C.OC1(c2ccc(Cl)cc2)CCNCC1,CC(C)(C)OC(=O)N1CCC(O)(c2ccc(Cl)cc2)CC1,train
CCOCCn1c(N2CCCN(CCC3(c4ccccc4)CCNC3)CC2)nc2ccccc21.COc1ccc(-c2nnn[nH]2)cc1C(=O)O,CCOCCn1c(N2CCCN(CCC3(c4ccccc4)CCN(C(=O)c4cc(-c5nnn[nH]5)ccc4OC)C3)CC2)nc2ccccc21,train
N#Cc1c(N)sc2ccccc12.O=[N+]([O-])c1cc(C(F)(F)F)ccc1F,N#Cc1c(Nc2ccc(C(F)(F)F)cc2[N+](=O)[O-])sc2ccccc12,train
CCNCC.O=C(Cl)c1ccccc1Cl,CCN(CC)C(=O)c1ccccc1Cl,train
COC(=O)Cc1cccc(Oc2cccc(-c3nnc(Nc4ccc(Cl)c(Cl)c4)s3)c2)c1,O=C(O)Cc1cccc(Oc2cccc(-c3nnc(Nc4ccc(Cl)c(Cl)c4)s3)c2)c1,train
FC(F)(F)c1nc(Cl)c(-c2ccccc2)c(-c2ccccc2)n1.[N-]=[N+]=[N-],[N-]=[N+]=Nc1nc(C(F)(F)F)nc(-c2ccccc2)c1-c1ccccc1,train
CCOC(=O)C1CCNCC1.COc1cc2c(Oc3cc4ccccc4nc3C)ccnc2cc1OCCCl,CCOC(=O)C1CCN(CCOc2cc3nccc(Oc4cc5ccccc5nc4C)c3cc2OC)CC1,train
CC(C)(C)OC(=O)N1CCC(c2ccc(N3CCCC3)cc2)CC1,c1cc(N2CCCC2)ccc1C1CCNCC1,train
O=C=NC1CCCCC1.OB1OCc2ccc(O)cc21,O=C(NC1CCCCC1)Oc1ccc2c(c1)B(O)OC2,train
CC(C)c1nc(COCc2ccccc2)n(CCCc2ccccn2)c1Sc1cc(Cl)cc(Cl)c1,CC(C)c1nc(CO)n(CCCc2ccccn2)c1Sc1cc(Cl)cc(Cl)c1,train
C=C(C)C(=O)Nc1ccc(C#N)c(C(F)(F)F)c1.OO,CC1(C(=O)Nc2ccc(C#N)c(C(F)(F)F)c2)CO1,train
COc1ccc(C(=O)O)cc1Br.Nc1cnc2c(c1)CN(Cc1ccccc1)CC2,COc1ccc(C(=O)Nc2cnc3c(c2)CN(Cc2ccccc2)CC3)cc1Br,train
COC(=O)N[C@@H]1CCC(=O)N2c3cc(Br)c(F)cc3Oc3cc(F)ccc3[C@@H]12,COC(=O)N[C@@H]1CCCN2c3cc(Br)c(F)cc3Oc3cc(F)ccc3[C@@H]12,train
CN1CCC(CO)C1.COCCOc1ccn2c(-c3ccc4cccc(O)c4n3)cnc2c1,COCCOc1ccn2c(-c3ccc4cccc(OCC5CCN(C)C5)c4n3)cnc2c1,train
COc1c(C(=O)O)nc(N2CCCCS2(=O)=O)n(C)c1=O.NCc1ccc(F)cc1,COc1c(C(=O)NCc2ccc(F)cc2)nc(N2CCCCS2(=O)=O)n(C)c1=O,train
CCCC[Sn](CCCC)(CCCC)c1ccnn1-c1ccc(C#N)cc1.Cc1c(Br)cn2ccnc2c1-c1cccc(C(F)(F)F)c1,Cc1c(-c2ccnn2-c2ccc(C#N)cc2)cn2ccnc2c1-c1cccc(C(F)(F)F)c1,train
CCCCCCCCCCCCCCCC(=O)OCC(CSCCC(=O)OCc1ccc(OC)cc1)OC(=O)CCCCCCCCCCCCCCC,CCCCCCCCCCCCCCCC(=O)OCC(CSCCC(=O)O)OC(=O)CCCCCCCCCCCCCCC,train
F[C@@H]1CCN(CCn2nc(I)c3c(Cl)c(-c4ccccc4)nnc32)C1.OB(O)c1ccc(F)cc1,Fc1ccc(-c2nn(CCN3CC[C@@H](F)C3)c3nnc(-c4ccccc4)c(Cl)c23)cc1,train
CCCNC.COc1cc(CCn2ccc(OCc3ccc(F)cc3)cc2=O)ccc1CO,CCCN(C)Cc1ccc(CCn2ccc(OCc3ccc(F)cc3)cc2=O)cc1OC,train
NCC(N)=O.O=C(O)c1cccc(OCCCOc2ncnc3scc(-c4ccc(F)cc4)c23)c1,NC(=O)CNC(=O)c1cccc(OCCCOc2ncnc3scc(-c4ccc(F)cc4)c23)c1,train
CNCCN(C)C.O=C(O)c1cc2nccc(Cl)c2s1,CN(C)CCN(C)C(=O)c1cc2nccc(Cl)c2s1,train
COc1ccc(-c2cn(Cc3ccccc3)c3c2CN(C(=O)OC(C)(C)C)CC3)cc1,COc1ccc(-c2cn(Cc3ccccc3)c3c2CNCC3)cc1,train
CCOC(=O)c1c(C)nc(C(C)C)n1COCC[Si](C)(C)C,Cc1nc(C(C)C)n(COCC[Si](C)(C)C)c1C(=O)O,train
CCCCI.COC(=O)c1ccc(OC)cc1O,CCCCOc1cc(OC)ccc1C(=O)OC,train
CC(=O)CCC(=O)c1ccc(S(C)(=O)=O)cc1.NC1CCCCC1,Cc1ccc(-c2ccc(S(C)(=O)=O)cc2)n1C1CCCCC1,train
COc1ccc(-n2nnnc2-c2cc(Br)cnc2N)c(F)c1F,Nc1ncc(Br)cc1-c1nnnn1-c1ccc(O)c(F)c1F,train
COc1ccc2occc2c1,Oc1ccc2occc2c1,train
CC(C)(C)c1cc(Br)c(O)c(C=O)c1.OB(O)c1cc(C(F)(F)F)cc(C(F)(F)F)c1,CC(C)(C)c1cc(C=O)c(O)c(-c2cc(C(F)(F)F)cc(C(F)(F)F)c2)c1,train
C[C@H](N)c1nc2ccn(C)c2cc1-c1ccnn1C.Nc1nc(N)c(Cl)c(Cl)n1,C[C@H](Nc1nc(N)nc(N)c1Cl)c1nc2ccn(C)c2cc1-c1ccnn1C,train
O=CC1CN(Cc2ccccc2)CC1c1ccccc1.c1ccc(CC2CCNCC2)cc1,c1ccc(CC2CCN(CC3CN(Cc4ccccc4)CC3c3ccccc3)CC2)cc1,train
Clc1ccc2c(c1)NCC2.O=[N+]([O-])c1ccc2c(Cl)ncnc2c1,O=[N+]([O-])c1ccc2c(N3CCc4ccc(Cl)cc43)ncnc2c1,train
Cc1ccc(N2NC(C)C(=O)C2=O)cc1,Cc1ccc(N2NCC(=O)C2=O)cc1,train
COC(=O)CC(=O)Cl.c1cc(-c2nc3c(s2)CNCC3)ccc1O[C@H]1C[C@H](N2CCCCC2)C1,COC(=O)CC(=O)N1CCc2nc(-c3ccc(O[C@H]4C[C@H](N5CCCCC5)C4)cc3)sc2C1,train
C1CCNCC1.COc1ccc(C(Cl)(c2ccc(OC)cc2)c2ccc(OC)cc2)cc1,COc1ccc(C(c2ccc(OC)cc2)(c2ccc(OC)cc2)N2CCCCC2)cc1,train
CC(C)(C)OC(=O)Nc1cc(Cl)cc(N=[N+]=[N-])c1,[N-]=[N+]=Nc1cc(N)cc(Cl)c1,train
C=CC#N.CC(C)(C)O,C=CC(=O)NC(C)(C)C,train
CCOC(=O)C1=C(O)c2sc3ccccc3c2S(=O)(=O)N1C.Nc1cnccn1,CN1C(C(=O)Nc2cnccn2)=C(O)c2sc3ccccc3c2S1(=O)=O,train
Cn1c2c(c3ccc(Br)cc31)CN(C(=O)OC(C)(C)C)CCC2.O=c1cc(OCc2ccc(Cl)cn2)cc[nH]1,Cn1c2c(c3ccc(-n4ccc(OCc5ccc(Cl)cn5)cc4=O)cc31)CN(C(=O)OC(C)(C)C)CCC2,train
CCCCCCn1c2ccc(Br)cc2c2cc(Br)ccc21.CCCC[Sn](CCCC)(CCCC)c1cccn1C,CCCCCCn1c2ccc(Br)cc2c2cc(-c3cccn3C)ccc21,train
C=C(C)c1cccc(C=O)c1.NNc1cc(N2CCOCC2)c2nc(-c3ccncc3)cn2n1,C=C(C)c1cccc(C=NNc2cc(N3CCOCC3)c3nc(-c4ccncc4)cn3n2)c1,train
CC(C)N1CCNCC1.COC(=O)c1ccc(Br)cc1,COC(=O)c1ccc(N2CCN(C(C)C)CC2)cc1,train
Cc1c(C=O)[nH]c2c1C(=O)N(CCN1CCCC1)CCC2.O=C1Cc2cc(F)cc(Br)c2N1,Cc1c(C=C2C(=O)Nc3c(Br)cc(F)cc32)[nH]c2c1C(=O)N(CCN1CCCC1)CCC2,train
CC(C)C(=O)OC(=O)C(C)C.Nc1nc2c(ncn2[C@@H]2O[C@H](CO)[C@@H](O)[C@H](O)[C@H]2NC(=O)OCC2c3ccccc3-c3ccccc32)c(=O)[nH]1,CC(C)C(=O)Nc1nc2c(ncn2[C@@H]2O[C@H](CO)[C@@H](O)[C@H](O)[C@H]2NC(=O)OCC2c3ccccc3-c3ccccc32)c(=O)[nH]1,train
CCOC(=O)c1cn2c3c(cc(I)cc3c1=O)OCC2,O=C(O)c1cn2c3c(cc(I)cc3c1=O)OCC2,train
CN(C)c1cccc2c(S(=O)(=O)Cl)cccc12.NCCCCCC(=O)O,CN(C)c1cccc2c(S(=O)(=O)NCCCCCC(=O)O)cccc12,train
O=C(C1CC1)N1CC[C@@H](Cn2c(-c3ccc(Br)cc3)n[nH]c2=O)C1.OB(O)c1ccc(Cl)cc1,O=C(C1CC1)N1CC[C@@H](Cn2c(-c3ccc(-c4ccc(Cl)cc4)cc3)n[nH]c2=O)C1,train
CC1(C)C(=O)N(CCN)c2cc3[nH]c(-c4n[nH]c5ccccc45)nc3cc21.O=C(O)c1ccccc1,CC1(C)C(=O)N(CCNC(=O)c2ccccc2)c2cc3[nH]c(-c4n[nH]c5ccccc45)nc3cc21,train
CC(C)(C)n1nc(Cc2ccc(Cl)cc2)cc1N.O=S(=O)(Nc1nccs1)c1ccc(I)cc1,CC(C)(C)n1nc(Cc2ccc(Cl)cc2)cc1Nc1ccc(S(=O)(=O)Nc2nccs2)cc1,train
O=C(c1ccc(Br)cc1)C1CCN(C(=O)C(F)(F)F)CC1,O=C(c1ccc(Br)cc1)C1CCNCC1,train
Cc1cc(N)c2cn[nH]c2c1.Fc1ccc(I)c(F)c1,Cc1cc(N)c2cnn(-c3ccc(F)cc3F)c2c1,train
N#CCCl.Oc1cc(Br)cnc1Cl,N#CCOc1cc(Br)cnc1Cl,train
O=[N+]([O-])c1ccc(Cn2cc(I)c3c(Cl)ncnc32)cc1.[NH4+],Nc1ncnc2c1c(I)cn2Cc1ccc([N+](=O)[O-])cc1,train
CC(C)(C)OC(=O)OC(=O)OC(C)(C)C.Cn1cc(C[C@@H](N)C(=O)O)c2ccccc21,Cn1cc(C[C@@H](NC(=O)OC(C)(C)C)C(=O)O)c2ccccc21,train
CC(F)(F)CCCCn1ccc(N)n1.O=C(O)/C=C/c1ccc(C(F)(F)F)cc1,CC(F)(F)CCCCn1ccc(NC(=O)/C=C/c2ccc(C(F)(F)F)cc2)n1,train
COc1cccc(C2(C(=O)Cl)CCN(c3ncccn3)CC2)c1.NS(N)(=O)=O,COc1cccc(C2(C(=O)NS(N)(=O)=O)CCN(c3ncccn3)CC2)c1,train
CC(=O)c1c(C(=O)O)c(C)n(C)c1C.COC(=O)[C@@H](N)Cc1ccc(OCc2c(Cl)cccc2Cl)cc1,COC(=O)[C@H](Cc1ccc(OCc2c(Cl)cccc2Cl)cc1)NC(=O)c1c(C(C)=O)c(C)n(C)c1C,train
OCCCl.Oc1cccc2nc[nH]c12,ClCCOc1cccc2nc[nH]c12,train
O=C(O)c1cncc(Br)c1,O=Cc1cncc(Br)c1,train
Cc1c(C=O)[nH]c2c1C(=O)N(CCN1CCCCC1)CC2.O=C1Cc2c(cccc2-c2cccc(F)c2)N1,Cc1c(C=C2C(=O)Nc3cccc(-c4cccc(F)c4)c32)[nH]c2c1C(=O)N(CCN1CCCCC1)CC2,train
CNC(=O)c1cccc(B(O)O)c1.Clc1nc(N2CCOCC2)c2sc(I)cc2n1,CNC(=O)c1cccc(-c2cc3nc(Cl)nc(N4CCOCC4)c3s2)c1,train
NC(=O)c1cccc2nnsc12,N#Cc1cccc2nnsc12,train
CC(O)c1ccc(Br)nc1.CNC,CC(c1ccc(Br)nc1)N(C)C,train
COc1ccc2c(c1)CCC(C(=O)O)C2.Cc1cc(C(C)N)c(F)cc1NS(C)(=O)=O,COc1ccc2c(c1)CCC(C(=O)NC(C)c1cc(C)c(NS(C)(=O)=O)cc1F)C2,train
CCOC(=O)N1c2ccc(C(F)(F)F)cc2[C@@H](NCc2cc(C(F)(F)F)cc(C(F)(F)F)c2)C[C@H]1CC.N#CBr,CCOC(=O)N1c2ccc(C(F)(F)F)cc2[C@@H](N(C#N)Cc2cc(C(F)(F)F)cc(C(F)(F)F)c2)C[C@H]1CC,train
CC(=O)Nc1cc(-c2cc(-c3ncn(COCC[Si](C)(C)C)n3)c(Br)o2)c(C)cn1.CN(C)C1CCCNC1,CC(=O)Nc1cc(-c2cc(-c3ncn(COCC[Si](C)(C)C)n3)c(N3CCCC(N(C)C)C3)o2)c(C)cn1,train
CC[C@@H]1C(=O)Nc2cc(F)ccc2N1C(=O)c1ccc(OC)cc1,CC[C@@H]1C(=O)Nc2cc(F)ccc2N1C(=O)c1cccc(OC)c1,train
C#CC1(O)CCN(C)CC1.O=[N+]([O-])c1ccccc1F,C#CC1(Oc2ccccc2[N+](=O)[O-])CCN(C)CC1,train
OB(O)c1ccncc1.OC(c1ccccc1)(c1ccccc1)C1CCN(CCCOc2ccc(Br)cc2)CC1,OC(c1ccccc1)(c1ccccc1)C1CCN(CCCOc2ccc(-c3ccncc3)cc2)CC1,train
CCOC(=O)CC1CCN(C(=O)C(C)(C)[C@H]2O[C@H](c3cccc(OC)c3OC)c3cc(Cl)ccc3-n3cccc32)CC1,COc1cccc([C@H]2O[C@H](C(C)(C)C(=O)N3CCC(CC(=O)O)CC3)c3cccn3-c3ccc(Cl)cc32)c1OC,train
Cc1ccnc(C=Cc2nn(C3CCCCO3)c3cc(Nc4ccccc4C(=O)O)ccc23)c1.NCC#CC1CC1,Cc1ccnc(C=Cc2nn(C3CCCCO3)c3cc(Nc4ccccc4C(=O)NCC#CC4CC4)ccc23)c1,train
COC(=O)C1=C(C)NC(C)=C(C(=O)O)C1c1cccc([N+](=O)[O-])c1.OC/C=C/C#Cc1ccc(Cc2ncc[nH]2)cc1,COC(=O)C1=C(C)NC(C)=C(C(=O)OC/C=C/C#Cc2ccc(Cc3ncc[nH]3)cc2)C1c1cccc([N+](=O)[O-])c1,train
O=C(OC(=O)C(F)(F)F)C(F)(F)F.OCCN1CCNCC1,O=C(N1CCN(CCO)CC1)C(F)(F)F,train
Cc1ccc2c(Cl)ncc(C(=O)O)n12.NCC1CCOCC1,Cc1ccc2c(Cl)ncc(C(=O)NCC3CCOCC3)n12,train
O=C(Cl)CCl.O=C1O[C@@H](COc2ccon2)CN1c1ccc(N2CCNCC2)c(F)c1,O=C(CCl)N1CCN(c2ccc(N3C[C@H](COc4ccon4)OC3=O)cc2F)CC1,train
CCOC(=O)C1(NC(=O)c2cccc(C#N)c2C)Cc2ccccc2C1,Cc1c(C#N)cccc1C(=O)NC1(C(=O)O)Cc2ccccc2C1,train
CCC(CC)C(Nc1ccc(C(=O)OC)cc1)c1sc2ccccc2c1C,CCC(CC)C(Nc1ccc(C(=O)O)cc1)c1sc2ccccc2c1C,train
CC(C)(C)OC(=O)N1CCC[C@@H](C(=O)c2cccc(Cl)c2)C1.CC(F)(F)CCC[Mg+],CC(F)(F)CCC[C@@](O)(c1cccc(Cl)c1)[C@@H]1CCCN(C(=O)OC(C)(C)C)C1,train
CC(C)(C)CC1NC(C(=O)OC(C)(C)C)C(c2cc(F)cc(Cl)c2)C1(C#N)c1ccc(Cl)cc1F,CC(C)(C)CC1NC(C(=O)O)C(c2cc(F)cc(Cl)c2)C1(C#N)c1ccc(Cl)cc1F,train
Cn1ncc2c(N)cccc21.O=C=NCc1ccc(N2CCCCCC2)c(F)c1,Cn1ncc2c(NC(=O)NCc3ccc(N4CCCCCC4)c(F)c3)cccc21,train
Cc1cc(N2CCOCC2)cc(C)c1N.O=C(Cl)OCc1ccccc1,Cc1cc(N2CCOCC2)cc(C)c1NC(=O)OCc1ccccc1,train
Brc1cnc(Nc2cccc(OCc3ccccc3)c2)nc1.CC(C)(C)OC(=O)OC(=O)OC(C)(C)C,CC(C)(C)OC(=O)N(c1cccc(OCc2ccccc2)c1)c1ncc(Br)cn1,train
Cc1ccccc1OCC(=O)Nc1ccc(-c2nc3cc(Br)ccc3o2)cc1.OB(O)c1cccnc1,Cc1ccccc1OCC(=O)Nc1ccc(-c2nc3cc(-c4cccnc4)ccc3o2)cc1,train
CCCCN(Cc1ccc(C(F)(F)F)cc1F)C(=O)COc1ccc(CCOc2ccccc2C(=O)OC)cc1,CCCCN(Cc1ccc(C(F)(F)F)cc1F)C(=O)COc1ccc(CCOc2ccccc2C(=O)O)cc1,train
O=C1OCCC1Br.Oc1ccc(Br)cc1,O=C1OCCC1Oc1ccc(Br)cc1,train
CC1(C)OB(c2cncc(NS(=O)(=O)c3ccc(F)cc3F)c2)OC1(C)C.Clc1ccc2ncnc(OC3CCOCC3)c2n1,O=S(=O)(Nc1cncc(-c2ccc3ncnc(OC4CCOCC4)c3n2)c1)c1ccc(F)cc1F,train
COC(=O)C=Cc1cc2cc(NC(=O)c3cc4ccccc4o3)ccc2[nH]1,O=C(O)C=Cc1cc2cc(NC(=O)c3cc4ccccc4o3)ccc2[nH]1,train
CCC(=O)c1ccc(Cl)cc1.NO,CCC(=NO)c1ccc(Cl)cc1,train
CCCCc1cc(N2CCNCC2)c2nc(CCC(=O)OC)ccc2c1.O=C(O)Cc1ccc(OCCCN2CCCCCC2)cc1,CCCCc1cc(N2CCN(C(=O)Cc3ccc(OCCCN4CCCCCC4)cc3)CC2)c2nc(CCC(=O)OC)ccc2c1,train
CC(C)(O)C(=O)O.CCc1nc2ccccc2n1-c1nc(N2CCOCC2)c2nc(CC3CNC3)n(C)c2n1,CCc1nc2ccccc2n1-c1nc(N2CCOCC2)c2nc(CC3CN(C(=O)C(C)(C)O)C3)n(C)c2n1,train
Clc1cccc2c(-c3ccnc(NC4CCCC4)n3)c(-c3ccco3)nn12.NC1CC1,c1coc(-c2nn3c(NC4CC4)cccc3c2-c2ccnc(NC3CCCC3)n2)c1,train
Nc1cnccn1.O=C(O)c1cnc(OCC(F)(F)F)c(C2CCCC2)c1,O=C(Nc1cnccn1)c1cnc(OCC(F)(F)F)c(C2CCCC2)c1,train
CC(C)(C)OC(=O)N1C[C@@H]2C[C@@H]2C[C@H]1CNc1ncc(C(F)(F)F)cn1,FC(F)(F)c1cnc(NC[C@@H]2C[C@H]3C[C@H]3CN2)nc1,train
COC(=O)c1cc(Cl)c2cc(Cl)ccc2n1.Cc1[nH]c(C(=O)NC2CCNCC2)c(Cl)c1Cl,COC(=O)c1cc(N2CCC(NC(=O)c3[nH]c(C)c(Cl)c3Cl)CC2)c2cc(Cl)ccc2n1,train
CC(C)(C)OC(=O)NC(C)(C)c1ccc(Nc2c(C(=O)C3CC3)cnc3ccc(Br)cc23)cc1.CC1(C)OB(c2cc(Cl)c(O)c(Cl)c2)OC1(C)C,CC(C)(C)OC(=O)NC(C)(C)c1ccc(Nc2c(C(=O)C3CC3)cnc3ccc(-c4cc(Cl)c(O)c(Cl)c4)cc23)cc1,train
CCC1Cc2ccccc2N1.O=C([O-])Cc1nc(N2CCOCC2)cc(=O)[nH]1,CCC1Cc2ccccc2N1C(=O)Cc1nc(N2CCOCC2)cc(=O)[nH]1,train
[N-]=[N+]=N[C@@H]1CCN(C(=O)OCc2ccccc2)C[C@H]1O,N[C@@H]1CCN(C(=O)OCc2ccccc2)C[C@H]1O,train
CC1CCC(C(C)C)C(N)C1.O=C(Cl)c1ccccc1,CC(C)[C@@H]1CC[C@@H](C)C[C@@H]1NC(=O)c1ccccc1,train
CSc1ccc(CN=[N+]=[N-])cc1.ClCCl,[N-]=[N+]=NCc1ccc(SCCl)cc1,train
COC(=O)CN.O=Cc1ccccc1,COC(=O)CN=Cc1ccccc1,train
BrCCCBr.O=C1CCc2cc(O)ccc2N1,O=C1CCc2cc(OCCCBr)ccc2N1,train
CC(C(=O)O)c1ccc(N2CCCC2=O)cc1.CC(C)(C)OC(=O)n1nc(C2CC2)cc1N,CC(C(=O)Nc1cc(C2CC2)nn1C(=O)OC(C)(C)C)c1ccc(N2CCCC2=O)cc1,train
CC(=O)OCc1c(-c2cc(Nc3ccc(OC(C)(C)CN(C)C)cn3)c(=O)n(C)n2)cccc1-n1ncc2cc(C(C)(C)C)cc(F)c2c1=O,CN(C)CC(C)(C)Oc1ccc(Nc2cc(-c3cccc(-n4ncc5cc(C(C)(C)C)cc(F)c5c4=O)c3CO)nn(C)c2=O)nc1,train
CC(C)(C)OC(=O)c1ccc(-c2ccccc2)cc1N.CN(C)c1ccccc1Br,CN(C)c1ccccc1Nc1cc(-c2ccccc2)ccc1C(=O)OC(C)(C)C,train
COc1ccc(N(Cc2ccc(OC3CCCCO3)cc2)S(=O)(=O)c2c(C)cc(C)cc2C)cc1,COc1ccc(N(Cc2ccc(O)cc2)S(=O)(=O)c2c(C)cc(C)cc2C)cc1,train
N[C@H]1CCN(C(=O)c2cc(C(F)(F)F)cc(C(F)(F)F)c2)[C@H](Cc2ccccc2)C1.O=Cc1ccnc2ccccc12,O=C(c1cc(C(F)(F)F)cc(C(F)(F)F)c1)N1CC[C@H](NCc2ccnc3ccccc23)C[C@H]1Cc1ccccc1,train
CC(C)(C#N)c1cccc([N+](=O)[O-])c1,CC(C)(C#N)c1cccc(N)c1,train
C#C[Si](C)(C)C.COC(=O)C1(c2cc(Br)sc2Br)CCCCC1,COC(=O)C1(c2cc(C#C[Si](C)(C)C)sc2Br)CCCCC1,train
CC(C)(C)[Si](OC1CCC(CO)CC1)(c1ccccc1)c1ccccc1,CC(C)(C)[Si](OC1CCC(C=O)CC1)(c1ccccc1)c1ccccc1,train
C#CCBr.Cc1nc(-c2cccnc2)cn1NC(=O)OC(C)(C)C,C#CCN(C(=O)OC(C)(C)C)n1cc(-c2cccnc2)nc1C,train
CCc1ccc(Oc2cccc(C#N)c2)cc1,CCc1ccc(Oc2cccc(CN)c2)cc1,train
ClCCN1CCCC1.O=[N+]([O-])c1ccc2[nH]nc(Cl)c2c1,O=[N+]([O-])c1ccc2c(c1)c(Cl)nn2CCN1CCCC1,train
CC(=O)NC[C@@H](C)Oc1cccc2ncnc(Nc3ccc(O)c(C)c3)c12.Fc1cccc(CCl)c1,CC(=O)NC[C@@H](C)Oc1cccc2ncnc(Nc3ccc(OCc4cccc(F)c4)c(C)c3)c12,train
CN(C)c1ccc(B(O)O)cc1.O=C(CCC(=O)c1ccc2c(c1)CCO2)Nc1cc(Cl)cc(-c2ccccc2)n1,CN(C)c1ccc(-c2cc(NC(=O)CCC(=O)c3ccc4c(c3)CCO4)nc(-c3ccccc3)c2)cc1,train
COc1cc2ncnc(Oc3cnc(CC(=O)O)c(OC)c3)c2cc1OC.Cc1cc(N)cc(CN(C)C)c1,COc1cc2ncnc(Oc3cnc(CC(=O)Nc4cc(C)cc(CN(C)C)c4)c(OC)c3)c2cc1OC,train
CCOC(=O)CNC(=O)c1ccc(NCCCCCCCCCCCCCCCC(F)(F)F)cc1,O=C(O)CNC(=O)c1ccc(NCCCCCCCCCCCCCCCC(F)(F)F)cc1,train
Brc1ccccn1.OB(O)c1cc2ccccc2s1,c1ccc(-c2cc3ccccc3s2)nc1,train
BrCC1CC1.OCCOc1ccccc1O,OCCOc1ccccc1OCC1CC1,train
CC1(c2cccc(N)c2)C2CN(CCCC3CCCCC3)CC21.CCS(=O)(=O)Cl,CCS(=O)(=O)Nc1cccc(C2(C)C3CN(CCCC4CCCCC4)CC32)c1,train
N=C(N)NN.O=C1CC(c2cc(Cl)sc2Cl)Cc2nncc(C(F)(F)F)c21,N=C(N)NN=C1CC(c2cc(Cl)sc2Cl)Cc2nncc(C(F)(F)F)c21,train
CCOC(=O)CCc1ccc(OC)cc1OC.COc1ccc(C(=O)Cl)cc1,CCOC(=O)CCc1cc(C(=O)c2ccc(OC)cc2)c(OC)cc1OC,train
CS(=O)(=O)Nc1ccc(Oc2ccc3c(c2)CCC(c2cccc(O)c2)O3)nc1.O=[N+]([O-])c1ccc(Cl)nc1,CS(=O)(=O)Nc1ccc(Oc2ccc3c(c2)CCC(c2cccc(Oc4ccc([N+](=O)[O-])cn4)c2)O3)nc1,train
CCOC(=O)C(F)(F)Br.CS(=O)(=O)c1ccccc1I,CCOC(=O)C(F)(F)c1ccccc1S(C)(=O)=O,train
CC(C)(C)N.COc1ccc(-n2nc(C(=O)O)cc2-c2cnccn2)cn1,COc1ccc(-n2nc(C(=O)NC(C)(C)C)cc2-c2cnccn2)cn1,train
CC(C)(C)COC(=O)N1CCC(O)CC1.CS(=O)(=O)c1ccc(N2CCc3c(Cl)ncnc32)c(F)c1,CC(C)(C)COC(=O)N1CCC(Oc2ncnc3c2CCN3c2ccc(S(C)(=O)=O)cc2F)CC1,train
CCCC[Sn](CCCC)(CCCC)C1=CCOCC1.COc1ccc(C2COCCO2)c2sc(NC(=O)c3ccnc(Br)c3)nc12,COc1ccc(C2COCCO2)c2sc(NC(=O)c3ccnc(C4=CCOCC4)c3)nc12,train
CC(C)(C)OC(=O)N1CCc2cc(O)ccc21.CS(=O)(=O)OCCCc1ccc(F)cc1F,CC(C)(C)OC(=O)N1CCc2cc(OCCCc3ccc(F)cc3F)ccc21,train
COC(=O)c1ccc2c(c1)C(F)(F)C1(C2)C(=O)Nc2ncccc21,O=C(O)c1ccc2c(c1)C(F)(F)C1(C2)C(=O)Nc2ncccc21,train
CC(C)(C)c1ccc(C(=O)O)cc1[N+](=O)[O-],CC(C)(C)c1ccc(CO)cc1[N+](=O)[O-],train
CC(=O)Cl.COc1cccc(CCN)c1,COc1cccc(CCNC(C)=O)c1,train
CI.O=C1Nc2c(F)cccc2C1=O,CN1C(=O)C(=O)c2cccc(F)c21,train
COC(=O)c1ccc(C(C)Oc2ccc(C)cc2)cc1,Cc1ccc(OC(C)c2ccc(C(=O)O)cc2)cc1,train
CC(C)(CC(=O)O)c1ccccc1.Nn1nc(S(=O)(=O)c2ccccc2)c2ccccc2c1=O,CC(C)(CC(=O)Nn1nc(S(=O)(=O)c2ccccc2)c2ccccc2c1=O)c1ccccc1,train
CCI.CCS(=O)(=O)NCc1cncc(Br)c1,CCN(Cc1cncc(Br)c1)S(=O)(=O)CC,train
FC(F)(F)Oc1ccc(-c2cn(CCN3CCCCC3)nc2OCc2ccccc2)cc1,Oc1nn(CCN2CCCCC2)cc1-c1ccc(OC(F)(F)F)cc1,train
CCOC(Cc1ccc(C(C)(C)O[SiH2]C(C)(C)C)cc1)C(=O)O.OCC(Cl)(Cl)Cl,CCOC(Cc1ccc(C(C)(C)O[SiH2]C(C)(C)C)cc1)C(=O)OCC(Cl)(Cl)Cl,train
Cc1ccc2cc(Br)ccc2n1.OB(O)c1ccc2ccc3cccc4ccc1c2c34,Cc1ccc2cc(-c3ccc4ccc5cccc6ccc3c4c56)ccc2n1,train
C=O.Cc1n[nH]c2cc(N)ccc12,CNc1ccc2c(C)n[nH]c2c1,train
N#CN=C1NCCN1c1ccc([N+](=O)[O-])cc1,N#CN=C1NCCN1c1ccc(N)cc1,train
BrCc1ccccc1.CC(C)(C)OC(=O)N1CCN(c2cccc3c2COC(=O)N3)CC1,CC(C)(C)OC(=O)N1CCN(c2cccc3c2COC(=O)N3Cc2ccccc2)CC1,train
CC(C)(C)OC(=O)[C@@H](N)Cc1ccccc1.CO[C@H]([C@@H](C)C(=O)O)[C@@H]1CCCN1C(=O)OCC1c2ccccc2-c2ccccc21,CO[C@H]([C@@H](C)C(=O)N[C@@H](Cc1ccccc1)C(=O)OC(C)(C)C)[C@@H]1CCCN1C(=O)OCC1c2ccccc2-c2ccccc21,train
CC(=O)OC(C)=O.COc1ccc(CN(c2ncns2)S(=O)(=O)c2ccc3c(c2)NCCN3c2ccc(C(F)(F)F)cc2Cl)c(OC)c1,COc1ccc(CN(c2ncns2)S(=O)(=O)c2ccc3c(c2)N(C(C)=O)CCN3c2ccc(C(F)(F)F)cc2Cl)c(OC)c1,train
CNC.O=C(Nc1ccc(C(=O)N2Cc3cccn3Cc3ccccc32)cc1)C(Cl)c1ccccc1,CN(C)C(C(=O)Nc1ccc(C(=O)N2Cc3cccn3Cc3ccccc32)cc1)c1ccccc1,train
CN(C)CCN.O=C(O)c1ccc(NC(=O)c2ccc(-c3ccccc3)cc2)cc1,CN(C)CCNC(=O)c1ccc(NC(=O)c2ccc(-c3ccccc3)cc2)cc1,train
CC(C)(C)OC(=O)Nc1cccc(C2=CC(=O)N(C(C)(C)C)S2(=O)=O)c1,CC(C)(C)N1C(=O)C=C(c2cccc(N)c2)S1(=O)=O,train
C1CCNCC1.O=Cc1cc2nc(Cl)nc(N3CCOCC3)c2s1,Clc1nc(N2CCOCC2)c2sc(CN3CCCCC3)cc2n1,train
Cc1cc(C=O)cc(Oc2nc(Cl)nc(Cl)c2C(C)C)c1.NO,Cc1cc(C=NO)cc(Oc2nc(Cl)nc(Cl)c2C(C)C)c1,train
CCNCCOc1ccccc1.O=C1CCC(N2Cc3c(OCc4ccc(CBr)cc4)cccc3C2=O)C(=O)N1,CCN(CCOc1ccccc1)Cc1ccc(COc2cccc3c2CN(C2CCC(=O)NC2=O)C3=O)cc1,train
CC1CCCC1O.Cc1ccc(S(=O)(=O)Cl)cc1,Cc1ccc(S(=O)(=O)OC2CCCC2C)cc1,train
CNc1ccc(C(=O)O)cc1.COc1ccc(C(=O)Cl)cc1,COc1ccc(C(=O)N(C)c2ccc(C(=O)O)cc2)cc1,train
COC(=O)C=P(c1ccccc1)(c1ccccc1)c1ccccc1.Cc1ccc(C=O)cc1,COC(=O)/C=C/c1ccc(C)cc1,train
CCOC(=O)c1ccc2[nH]c3c(c2c1)CCCc1cn[nH]c1-3,O=C(O)c1ccc2[nH]c3c(c2c1)CCCc1cn[nH]c1-3,train
Clc1ccc(N2CCCNCC2)c(Cl)c1.O=C(Cl)COCc1ccccc1,O=C(COCc1ccccc1)N1CCCN(c2ccc(Cl)cc2Cl)CC1,train
C#CC(O)(CC)CC.CCC(CC)(c1ccc(Br)c(C)c1)c1cc(C)c(O)c(C)c1,CCC(O)(C#Cc1ccc(C(CC)(CC)c2cc(C)c(O)c(C)c2)cc1C)CC,train
COc1cc2nccc(Oc3ccc(N)cc3)c2cc1OC.O=C(O)C1CCCC1,COc1cc2nccc(Oc3ccc(NC(=O)C4CCCC4)cc3)c2cc1OC,train
CN(C)N.O=[N+]([O-])c1ccc(F)cc1F,CN(C)Nc1cc(F)ccc1[N+](=O)[O-],train
Cc1oc(-c2ccccc2)nc1CCC(N)=O,Cc1oc(-c2ccccc2)nc1CCC#N,train
CC(C)(C)OC(=O)N1CCC(Oc2cccc3c2CCN3)CC1.Clc1ncc(Br)cn1,CC(C)(C)OC(=O)N1CCC(Oc2cccc3c2CCN3c2ncc(Br)cn2)CC1,train
COc1cc(N)ccn1.O=C(Cl)c1cc(C(F)(F)F)ccc1F,COc1cc(NC(=O)c2cc(C(F)(F)F)ccc2F)ccn1,train
CCCOc1ccc([N+](=O)[O-])cc1-c1ncc(-c2nnn[nH]2)c(=O)[nH]1,CCCOc1ccc(N)cc1-c1ncc(-c2nnn[nH]2)c(=O)[nH]1,train
CC(C)c1ccc(CC(=O)O)cc1.COc1cc2ncnc(N3CCC(N)CC3)c2cc1OC,COc1cc2ncnc(N3CCC(NC(=O)Cc4ccc(C(C)C)cc4)CC3)c2cc1OC,train
CC(C)(C(=O)Nc1ccccc1-c1ccccc1N)c1cc(C(F)(F)F)cc(C(F)(F)F)c1.CI,CN(C(=O)C(C)(C)c1cc(C(F)(F)F)cc(C(F)(F)F)c1)c1ccccc1-c1ccccc1N,train
C[Si](C)(C)CCOCn1cc(I)c2c(NC3CCCC3)nc(Cl)nc21.OB(O)c1ccc(O)cc1,C[Si](C)(C)CCOCn1cc(-c2ccc(O)cc2)c2c(NC3CCCC3)nc(Cl)nc21,train
NO.O=CC1=Cc2cc(Cc3cccnc3)ccc2OC1,ON=CC1=Cc2cc(Cc3cccnc3)ccc2OC1,train
CCCCS.CCCc1c(Cl)c2cc(Br)ccc2oc1=O,CCCCSc1c(CCC)c(=O)oc2ccc(Br)cc12,train
CNCC(=O)OC(C)(C)C.O=C(O)CCc1cccc(-c2nc(=O)c3ccccc3s2)n1,CN(CC(=O)OC(C)(C)C)C(=O)CCc1cccc(-c2nc(=O)c3ccccc3s2)n1,train
Cn1cc(Nc2ncc3cnn(Cc4cccc(C5=CCOCC5)c4)c3n2)cn1,Cn1cc(Nc2ncc3cnn(Cc4cccc(C5CCOCC5)c4)c3n2)cn1,train
CCc1noc(Cn2c(=O)n(C3CCN(C(=O)OC(C)(C)C)CC3)c(=O)c3sc(Br)cc32)n1.OB(O)c1ccccc1F,CCc1noc(Cn2c(=O)n(C3CCN(C(=O)OC(C)(C)C)CC3)c(=O)c3sc(-c4ccccc4F)cc32)n1,train
Brc1cccnc1.c1ccc(-c2ncc(-c3c[nH]c(C4CCNCC4)n3)cn2)cc1,c1ccc(-c2ncc(-c3c[nH]c(C4CCN(c5cccnc5)CC4)n3)cn2)cc1,train
CS(=O)(=O)Cl.Cc1cc(CN(CCC(C)C)C(=O)OC(C)(C)C)ccc1-c1ccc(N)cc1,Cc1cc(CN(CCC(C)C)C(=O)OC(C)(C)C)ccc1-c1ccc(NS(C)(=O)=O)cc1,train
COc1ccccc1B(O)O.OCc1cccnc1Cl,COc1ccccc1-c1ncccc1CO,train
COC(=O)c1ccsc1N.O=Cc1ccccc1,COC(=O)c1ccsc1NCc1ccccc1,train
Cc1cc(Br)c2c(c1)cc1n2CCNC1=O.OB(O)c1ccc(F)cc1,Cc1cc(-c2ccc(F)cc2)c2c(c1)cc1n2CCNC1=O,train
CC(C)(C)C(=O)Nc1nc(OCCCCOCc2ccccc2)ccc1C=O.CCOCC,COC=Cc1ccc(OCCCCOCc2ccccc2)nc1NC(=O)C(C)(C)C,train
C=C(CO)COC(=O)OCCCCCCCCCCCCCCCCCC.O=C(O)CCCCCCBr,C=C(COC(=O)CCCCCCBr)COC(=O)OCCCCCCCCCCCCCCCCCC,train
Cc1ccc(-c2ccccc2C(=O)O)cc1.N#CCCN,Cc1ccc(-c2ccccc2C(=O)NCCC#N)cc1,train
C=O.COc1ccc(C#Cc2ccccc2)c(CCC(C)NCCc2ccc(OC)c(OC)c2)c1,COc1ccc(C#Cc2ccccc2)c(CCC(C)N(C)CCc2ccc(OC)c(OC)c2)c1,train
CCCCc1oc2ccccc2c1C(=O)Nc1ccc2c(Br)c(OC(Cc3ccccc3)C(=O)OC)ccc2c1,CCCCc1oc2ccccc2c1C(=O)Nc1ccc2c(Br)c(OC(Cc3ccccc3)C(=O)O)ccc2c1,train
CN1CCN(c2ccc([N+](=O)[O-])cc2CC(=O)O)CC1.NC(=O)[C@H]1[C@H]2C[C@@H]([C@H]1Nc1nc(Cl)ncc1F)[C@H]([NH3+])C2,CN1CCN(c2ccc([N+](=O)[O-])cc2CC(=O)N[C@@H]2C[C@@H]3C[C@H]2[C@@H](Nc2nc(Cl)ncc2F)[C@H]3C(N)=O)CC1,train
O=[N+]([O-])c1ccc2c(c1)OCC2,Nc1ccc2c(c1)OCC2,train
CCCCC(=O)Cl.Nc1cnc2ccccc2c1Cl,CCCCC(=O)Nc1cnc2ccccc2c1Cl,train
CCOC(=O)CCNC(=O)c1ccc(C(NC(=O)Nc2ccc(OC(F)(F)F)cc2)[C@H]2CC[C@@H](C(C)(C)C)CC2)cc1,CC(C)(C)[C@H]1CC[C@@H](C(NC(=O)Nc2ccc(OC(F)(F)F)cc2)c2ccc(C(=O)NCCC(=O)O)cc2)CC1,train
CS(=O)(=O)Cl.O=c1onc(-c2nonc2NCCO)n1-c1ccc(F)c(Br)c1,CS(=O)(=O)OCCNc1nonc1-c1noc(=O)n1-c1ccc(F)c(Br)c1,train
CCCCCCCCCCCCc1csc(-c2cc(CCCCCCCCCCCC)c(Br)s2)c1.C[Sn](C)(C)Cl,CCCCCCCCCCCCc1csc(-c2cc(CCCCCCCCCCCC)c([Sn](C)(C)C)s2)c1,train
O=C(NC1C2CC3CC(C2)CC1C3)N1CCCC2(Cc3ccccc3C2O)C1,O=C(NC1C2CC3CC(C2)CC1C3)N1CCCC2(Cc3ccccc3C2)C1,train
COC(=O)c1nccnc1Br.Cc1cc(N)ccn1,Cc1cc(NC(=O)c2nccnc2Br)ccn1,train
Brc1ccc(-c2ccn[nH]2)cc1.CC(C)(C)OC(=O)OC(=O)OC(C)(C)C,CC(C)(C)OC(=O)n1nccc1-c1ccc(Br)cc1,train
Cc1cc(CC(=O)C(=O)O)cc(Cl)c1OCc1ccccc1,Cc1cc(C[C@@H](O)C(=O)O)cc(Cl)c1OCc1ccccc1,train
Clc1ccc(OC2CCNCC2)cc1.O=C(O)CN1CCCC(c2ccccc2)(c2ccccc2)C1=O,O=C(CN1CCCC(c2ccccc2)(c2ccccc2)C1=O)N1CCC(Oc2ccc(Cl)cc2)CC1,train
CCCI.c1cc2cc[nH]c2cn1,CCCn1ccc2ccncc21,train
CCCCC/C=C/C=O.O=C(O)CCCCC[P+](c1ccccc1)(c1ccccc1)c1ccccc1,CCCCCC=CC=CCCCCC(=O)O,train
C[C@H](O)C[C@H]1[C@@](C)(c2cc([N+](=O)[O-])ccc2F)N=C(N(C(=O)OC(C)(C)C)C(=O)OC(C)(C)C)C(C)(C)S1(=O)=O,C[C@H]1C[C@@H]2[C@](C)(N=C(N(C(=O)OC(C)(C)C)C(=O)OC(C)(C)C)C(C)(C)S2(=O)=O)c2cc([N+](=O)[O-])ccc2O1,train
CS(=O)(=O)Cl.Cc1nc(Br)[nH]c1C(=O)OC(C)C,Cc1nc(Br)n(S(C)(=O)=O)c1C(=O)OC(C)C,train
CC(C)(C)OC(=O)N1CCNCC1.Cc1ncsc1Br,Cc1ncsc1N1CCN(C(=O)OC(C)(C)C)CC1,train
CCCCCCCCCCCCCCCCOCC(COP(=O)([O-])OC=C1CCCC[N+]1(C)C)OCc1ccccc1,CCCCCCCCCCCCCCCCOCC(O)COP(=O)([O-])OC=C1CCCC[N+]1(C)C,train
COC(=O)CBr.O=C(CN1C(=O)COc2c(O)cccc21)NC(c1ccccc1)c1ccccc1,COC(=O)COc1cccc2c1OCC(=O)N2CC(=O)NC(c1ccccc1)c1ccccc1,train
C=O.CCN(CC)CCNc1ccc(-n2ccc(OCc3ccccc3)cc2=O)cc1,CCN(CC)CCN(C)c1ccc(-n2ccc(OCc3ccccc3)cc2=O)cc1,train
Nc1ccc([N+](=O)[O-])cc1Cl.O=C(O)c1ccccc1O,O=C(Nc1ccc([N+](=O)[O-])cc1Cl)c1ccccc1O,train
CC(=O)Cl.CC1(C)CCNc2c(CCN3CCN(c4nsc5ccccc45)CC3)cccc21,CC(=O)N1CCC(C)(C)c2cccc(CCN3CCN(c4nsc5ccccc45)CC3)c21,train
COCCN(C)Cc1cc(Cl)c(F)c(CNC(=O)OC(C)(C)C)c1,COCCN(C)Cc1cc(Cl)c(F)c(CN)c1,train
CCCCCCCCCCNO.CCN(CC)C(=O)Cl,CCCCCCCCCCN(O)C(=O)N(CC)CC,train
CCCCCCc1ccc(C=CC(=O)c2ccc(OCC=C(C)C)cc2OCC(=O)OCC)cc1,CCCCCCc1ccc(C=CC(=O)c2ccc(OCC=C(C)C)cc2OCC(=O)O)cc1,train
C#CC(C)(C)C.Fc1cccc(-c2nc3cnn(Cc4cc(-c5ccc(I)cc5)no4)cc-3n2)c1F,CC(C)(C)C#Cc1ccc(-c2cc(Cn3cc4nc(-c5cccc(F)c5F)nc-4cn3)on2)cc1,train
N[C@H]1C[C@@H](n2cnc3c(NCC(c4ccccc4)c4ccccc4)nc(Cl)nc32)[C@H](O)[C@@H]1O.O=C(O)C1CCC1,O=C(N[C@H]1C[C@@H](n2cnc3c(NCC(c4ccccc4)c4ccccc4)nc(Cl)nc32)[C@H](O)[C@@H]1O)C1CCC1,train
CN(CCCC(=O)O)C(=O)c1ccc2c(c1)c1c(n2C)CC[C@@H](C2CCOCC2)C1.NC1COC1,CN(CCCC(=O)NC1COC1)C(=O)c1ccc2c(c1)c1c(n2C)CCC(C2CCOCC2)C1,train
CCOC(=O)c1cc2nc(C)c([C@H](OC(C)(C)C)C(=O)OCC)c(Cl)n2n1.C[C@H](CCCCOC1(C)CCNCC1)OCc1ccccc1,CCOC(=O)c1cc2nc(C)c([C@H](OC(C)(C)C)C(=O)OCC)c(N3CCC(C)(OCCCC[C@@H](C)OCc4ccccc4)CC3)n2n1,train
CS(=O)(=O)Cl.N#Cc1cc(N)cc(Br)c1,CS(=O)(=O)Nc1cc(Br)cc(C#N)c1,train
COC(=O)c1cc(-c2ccc(F)cc2)c2ccc(CBr)c(F)c2n1.O=C1CCC(=O)N1,COC(=O)c1cc(-c2ccc(F)cc2)c2ccc(CN3C(=O)CCC3=O)c(F)c2n1,train
CCCCOC(=O)Cl.CS(=O)(=O)c1ccc(-n2ncc3c(OC4CCNCC4)ncnc32)cc1,CCCCOC(=O)N1CCC(Oc2ncnc3c2cnn3-c2ccc(S(C)(=O)=O)cc2)CC1,train
CCO.O=S(=O)(c1ccc(F)cc1)N1CCC(=NOCc2cccc(C(F)(F)F)c2)CC1,CCOc1ccc(S(=O)(=O)N2CCC(=NOCc3cccc(C(F)(F)F)c3)CC2)cc1,train
CCOP(=O)(CC(=O)O)OCC.Nc1cc2c(Nc3ccc(Oc4ccccc4)cc3)ncnc2cc1O[C@H]1CCOC1,CCOP(=O)(CC(=O)Nc1cc2c(Nc3ccc(Oc4ccccc4)cc3)ncnc2cc1O[C@H]1CCOC1)OCC,train
CC/C=C\C/C=C\C/C=C\C/C=C\C/C=C\CCCC(=O)O.OC[C@@H]1[C@@H](O)[C@H](O)[C@@H](O)CN1CCCCl,CC/C=C\C/C=C\C/C=C\C/C=C\C/C=C\CCCC(=O)OCCCN1CC(O)C(O)[C@H](O)C1CO,train
CC(C)(C)O[K].O=Cc1cc(Cl)ccc1-c1ccc(Br)c2ccccc12,COC=Cc1cc(Cl)ccc1-c1ccc(Br)c2ccccc12,train
CC(=O)Nc1cn2nc(Cl)ccc2n1.COc1cc(Br)cnc1OC,COc1cc(-c2ccc3nc(NC(C)=O)cn3n2)cnc1OC,train
COc1ccc2c(c1)C(C)(C)NC2=O,CC1(C)NC(=O)c2ccc(O)cc21,train
CCCCCC/C=C/C(=O)O.NCC1CCCCO1,CCCCCC/C=C/C(=O)NCC1CCCCO1,train
CC(=O)Cl.CC(C)(CCN)CC1NC(C(=O)NCC[C@H]2COC(C)(C)O2)C(c2cccc(Cl)c2F)C1(C#N)c1ccc(Cl)cc1F,CC(=O)NCCC(C)(C)CC1NC(C(=O)NCC[C@H]2COC(C)(C)O2)C(c2cccc(Cl)c2F)C1(C#N)c1ccc(Cl)cc1F,train
COc1cccc(C(=O)NCCN2CCC(Oc3ccc(Cl)c(Cl)c3)CC2)c1,O=C(NCCN1CCC(Oc2ccc(Cl)c(Cl)c2)CC1)c1cccc(O)c1,train
COC(=O)Cc1cn(C)nc1O.Cc1oc(-c2ccccc2)nc1COc1cc(CCl)on1,COC(=O)Cc1cn(C)nc1OCc1cc(OCc2nc(-c3ccccc3)oc2C)no1,train
COC(=O)/C(I)=C\C1CCCCC1.Cc1nnnn1-c1ccc(I)cc1Cl,COC(=O)/C(=C/C1CCCCC1)c1ccc(-n2nnnc2C)c(Cl)c1,train
ClCc1csc(-c2ccc(Cl)cc2)n1.N#Cc1c(N)nc(S)c(C#N)c1-c1cscn1,N#Cc1c(N)nc(SCc2csc(-c3ccc(Cl)cc3)n2)c(C#N)c1-c1cscn1,train
COc1cc(C(C)=O)ccc1OCCCCl.N#CC(c1ccc(F)cc1)(c1ccc(F)cc1)C1CCNC1,COc1cc(C(C)=O)ccc1OCCCN1CCC(C(C#N)(c2ccc(F)cc2)c2ccc(F)cc2)C1,train
Cc1c(Cl)cccc1S(=O)(=O)Nc1nc(CCOS(C)(=O)=O)cs1.c1c[nH]cn1,Cc1c(Cl)cccc1S(=O)(=O)Nc1nc(CCn2ccnc2)cs1,train
COc1ccc2[nH]c(=O)c3sccc3c2c1Br.C[C@H](NC(=O)OC(C)(C)C)c1ccc(B2OC(C)(C)C(C)(C)O2)cc1,COc1ccc2[nH]c(=O)c3sccc3c2c1-c1ccc([C@H](C)NC(=O)OC(C)(C)C)cc1,train
O=C(O)C(=O)c1cccs1.OC12CCN(CC1)CC2,O=C(OC12CCN(CC1)CC2)C(=O)c1cccs1,train
Fc1cccc(Cl)c1CSc1nc2cnccc2[nH]1.OO,O=S(Cc1c(F)cccc1Cl)c1nc2cnccc2[nH]1,train
C=CCN.Cc1cccc(OC2CN(C(=O)Cl)C2)c1,C=CCNC(=O)N1CC(Oc2cccc(C)c2)C1,train
COC(=O)c1ccc(C(=O)OC)c(-c2cccnc2)c1,COC(=O)c1ccc(C(=O)O)cc1-c1cccnc1,train
NCc1cccc2c1C(=O)N(C1CCC(=O)NC1=O)C2=O.O=C(O)c1cccc(OC(F)F)c1,O=C1CCC(N2C(=O)c3cccc(CNC(=O)c4cccc(OC(F)F)c4)c3C2=O)C(=O)N1,train
CCOC(=O)Cn1c2ccccc2c2nnc(SC(CC)C(=O)N3c4ccccc4Sc4ccccc43)nc21,CCC(Sc1nnc2c3ccccc3n(CC(=O)O)c2n1)C(=O)N1c2ccccc2Sc2ccccc21,train
NCCc1c[nH]c2ccc(Cl)cc12.O=C(Cl)c1cccc(I)c1,O=C(NCCc1c[nH]c2ccc(Cl)cc12)c1cccc(I)c1,train
CC1(C)OB(c2ccc3[nH]c(=O)[nH]c3c2)OC1(C)C.OC[C@H](Nc1cncc(Br)c1)c1ccccc1,O=c1[nH]c2ccc(-c3cncc(N[C@@H](CO)c4ccccc4)c3)cc2[nH]1,train
Brc1ccc(CNC23CC4CC(CC(C4)C2)C3)cc1.CSc1ccccc1B(O)O,CSc1ccccc1-c1ccc(CNC23CC4CC(CC(C4)C2)C3)cc1,train
Cc1c(C)c(S(=O)(=O)NC(=N)NCCC[C@H](N)C(=O)OC(C)(C)C)c(C)c2c1OC(C)(C)CC2.O=C(O)c1cccn(CC(=O)N(c2ccccc2)c2ccccc2)c1=O,Cc1c(C)c(S(=O)(=O)NC(=N)NCCC[C@H](NC(=O)c2cccn(CC(=O)N(c3ccccc3)c3ccccc3)c2=O)C(=O)OC(C)(C)C)c(C)c2c1OC(C)(C)CC2,train
C#CCBr.Cc1nc2cnc3ccccc3c2n1CCCCO,C#CCOCCCCn1c(C)nc2cnc3ccccc3c21,train
CC1(C)OB(B2OC(C)(C)C(C)(C)O2)OC1(C)C.CN1CCCC1CCN1Cc2cc(Br)ccc2C1=O,CN1CCCC1CCN1Cc2cc(B3OC(C)(C)C(C)(C)O3)ccc2C1=O,train
C=CCCCCC[C@@H](NC(=O)OC(C)(C)C)C(=O)OCC,C=CCCCCC[C@@H](NC(=O)OC(C)(C)C)C(=O)O,train
CCCCCCCN.O=C(O)c1ccc2c(c1)nc(COc1ccccc1)n2Cc1ccc(OC(F)(F)F)cc1,CCCCCCCNC(=O)c1ccc2c(c1)nc(COc1ccccc1)n2Cc1ccc(OC(F)(F)F)cc1,train
CCCCCCI.CN1C(=O)CC[C@]2(C)[C@H]3CC[C@]4(C)[C@@H](O)CC[C@H]4[C@@H]3CC[C@@H]12,CCCCCCO[C@H]1CC[C@H]2[C@@H]3CC[C@H]4N(C)C(=O)CC[C@]4(C)[C@H]3CC[C@]12C,train
Cc1[nH]c(=O)c(C#N)cc1-c1ccc(OCCCN2C(=O)c3ccccc3C2=O)cc1,Cc1[nH]c(=O)c(C#N)cc1-c1ccc(OCCCN)cc1,train
CC(C)(C)OC(=O)N[C@H]1CCNC1.N#Cc1cc2c3c(cccc3c1Cl)C(=O)N(OCc1ccccc1)C2=O,CC(C)(C)OC(=O)N[C@H]1CCN(c2c(C#N)cc3c4c(cccc24)C(=O)N(OCc2ccccc2)C3=O)C1,train
Cc1nc2c(nc1Br)c(C(=O)NC(C)(C)C)cn2COCC[Si](C)(C)C.Cn1cc(N)cn1,Cc1nc2c(nc1Nc1cnn(C)c1)c(C(=O)NC(C)(C)C)cn2COCC[Si](C)(C)C,train
FC(F)(F)c1cc2c(NCc3ccc(Cl)c(Cl)c3)nc(Cl)nc2s1.c1nc[nH]n1,FC(F)(F)c1cc2c(NCc3ccc(Cl)c(Cl)c3)nc(-n3cncn3)nc2s1,train
Cc1cc(C)cc(C(=O)C(Br)c2ccnc(OCc3ccccc3)c2)c1.NC(N)=S,Cc1cc(C)cc(-c2nc(N)sc2-c2ccnc(OCc3ccccc3)c2)c1,train
CCNC(=O)c1cc([N+](=O)[O-])ccc1F,CCNC(=O)c1cc(N)ccc1F,train
CCC(=O)O.CNc1cc(-n2ccc(OCc3ccc(F)cc3)cc2=O)ccc1N,CCc1nc2ccc(-n3ccc(OCc4ccc(F)cc4)cc3=O)cc2n1C,train
CN(C(=O)CC(=O)O)c1ccccc1.Cn1ccnc1-c1cc2nccc(Oc3ccc(N)cc3F)c2s1,CN(C(=O)CC(=O)Nc1ccc(Oc2ccnc3cc(-c4nccn4C)sc23)c(F)c1)c1ccccc1,train
CCCN1CCN(c2ccc([N+](=O)[O-])c(OC)c2)CC1,CCCN1CCN(c2ccc(N)c(OC)c2)CC1,train
Nc1nc(Cl)c2cn[nH]c2n1,Nc1ncc2cn[nH]c2n1,train
Cc1ccc(S(=O)(=O)NC(=N)NCCCCCCOC(=O)CCC(NC(=O)OC(C)(C)C)C(=O)OCc2ccccc2)cc1,Cc1ccc(S(=O)(=O)NC(=N)NCCCCCCOC(=O)CCC(NC(=O)OC(C)(C)C)C(=O)O)cc1,train
Brc1cccc2[nH]ccc12.O=S(=O)(Cl)c1cccc(C(F)(F)F)c1,O=S(=O)(c1cccc(C(F)(F)F)c1)n1ccc2c(Br)cccc21,train
COc1cc(C=O)ccc1OCC#CI.[N-]=[N+]=NCc1cccc(C(F)(F)F)c1,COc1cc(C=O)ccc1OCc1nnn(Cc2cccc(C(F)(F)F)c2)c1I,train
CC(=O)NC(CO)(CO)CCc1ccc(-c2nc3ccc(C4(c5ccccc5)CC4)nc3s2)c(F)c1,NC(CO)(CO)CCc1ccc(-c2nc3ccc(C4(c5ccccc5)CC4)nc3s2)c(F)c1,train
CCOc1cc(F)c(Cn2nc(-c3ncc(OCCSC)c(Nc4ccncc4)n3)c3ccccc32)c(F)c1.O=S([O-])([O-])=S,CCOc1cc(F)c(Cn2nc(-c3ncc(OCCS(C)=O)c(Nc4ccncc4)n3)c3ccccc32)c(F)c1,train
CCCc1c(C(C)=O)c2ccc(C(=O)OC)cc2n1Cc1ccccc1Cl,CCCc1c(C(C)=O)c2ccc(C(=O)O)cc2n1Cc1ccccc1Cl,train
CCCCCCCCCCOc1cccc(C(=O)O)c1.COC(=O)CNCC(=O)OC,CCCCCCCCCCOc1cccc(C(=O)N(CC(=O)OC)CC(=O)OC)c1,train
Cc1ccc2oc(-c3cc(N)ccc3Cl)nc2c1.O=C(Cl)c1cccnc1Cl,Cc1ccc2oc(-c3cc(NC(=O)c4cccnc4Cl)ccc3Cl)nc2c1,train
CCC(O)(C#Cc1ccc(C(CC)(CC)c2ccc(OC[C@@H](O)CCC(=O)O)c(C)c2)cc1C)CC,CCC(O)(CC)CCc1ccc(C(CC)(CC)c2ccc(OC[C@@H](O)CCC(=O)O)c(C)c2)cc1C,train
COC(=O)c1ccc(C(=O)c2ccc(OC)c(OC)c2)cc1,COc1ccc(C(=O)c2ccc(C(=O)O)cc2)cc1OC,train
O=C(Cl)Cn1c(=O)sc2ccc(Cl)cc21.Sc1ccccc1,O=C(Cn1c(=O)sc2ccc(Cl)cc21)Sc1ccccc1,train
CCOC(=O)CBr.O=Cc1c[nH]c2ccccc12,CCOC(=O)Cn1cc(C=O)c2ccccc21,train
C1CCNC1.Nc1nccc(Cl)n1,Nc1nccc(N2CCCC2)n1,train
CC(C)(C)OC(=O)OC(=O)OC(C)(C)C.CC(OCc1ccccc1)C(=O)CCCCC[C@H](N)C(=O)O,CC(OCc1ccccc1)C(=O)CCCCC[C@H](NC(=O)OC(C)(C)C)C(=O)O,train
COc1cc2c(cc1OC)CC(=O)NC=C2.ClCCBr,COc1cc2c(cc1OC)CC(=O)N(CCCl)C=C2,train
CCOC(=O)[C@H]1CC[C@@H](O)CC1.Oc1cccc(F)c1,CCOC(=O)[C@H]1CC[C@H](Oc2cccc(F)c2)CC1,train
CCOC(=O)CCCOc1cccc(CCCCCCOc2cc(Br)cc(C(=O)N3CCC(F)(F)C3)c2)c1CCC(=O)OCC.OB(O)c1ccccc1,CCOC(=O)CCCOc1cccc(CCCCCCOc2cc(C(=O)N3CCC(F)(F)C3)cc(-c3ccccc3)c2)c1CCC(=O)OCC,train
CCOCN(c1cc(C)on1)S(=O)(=O)c1cc(C)sc1Br.O=Cc1ccc(B(O)O)cc1,CCOCN(c1cc(C)on1)S(=O)(=O)c1cc(C)sc1-c1ccc(C=O)cc1,train
O=C(O)C1CCCN(S(=O)(=O)c2ccc3ccccc3c2)C1.c1cc(N2CCNCC2)ccn1,O=C(C1CCCN(S(=O)(=O)c2ccc3ccccc3c2)C1)N1CCN(c2ccncc2)CC1,train
CN1C2CCC1(C(N)c1ccccc1)CC2.Cc1cccc(C)c1C(=O)O,Cc1cccc(C)c1C(=O)NC(c1ccccc1)C12CCC(CC1)N2C,train
O=[N+]([O-])c1ccc(OC(F)F)nc1,Nc1ccc(OC(F)F)nc1,train
NC(=O)c1ccc(N2CCC[C@@H](NC(=O)c3ccccc3)C2)nc1Nc1ccc(N2CCN(C(=O)OCc3ccccc3)CC2)cc1,NC(=O)c1ccc(N2CCC[C@@H](NC(=O)c3ccccc3)C2)nc1Nc1ccc(N2CCNCC2)cc1,train
COc1ccc(S(=O)(=O)Nc2ccc(C(F)(F)F)cc2)c2c1C[C@@H](NC(=O)C(F)(F)F)CO2,COc1ccc(S(=O)(=O)Nc2ccc(C(F)(F)F)cc2)c2c1C[C@@H](N)CO2,train
CCCCCCCCC1(C(=O)O)SCCCS1.COc1ccc2ncccc2c1N,CCCCCCCCC1(C(=O)Nc2c(OC)ccc3ncccc23)SCCCS1,train
CC(C)(C)OC(=O)NCCCC[C@H](NC(=O)OCc1ccccc1)C(=O)CBr.COc1ccc(C(N)=S)cc1,COc1ccc(-c2nc([C@H](CCCCNC(=O)OC(C)(C)C)NC(=O)OCc3ccccc3)cs2)cc1,train
CCOC(=O)/C(C#N)=C\c1ccc(-c2ncn(-c3ccc(OC(F)(F)F)cc3)n2)cc1,N#C/C(=C/c1ccc(-c2ncn(-c3ccc(OC(F)(F)F)cc3)n2)cc1)C(=O)O,train
CC(Oc1ccc(Oc2ccc(C(F)(F)F)cc2)cc1)C(=O)Cl.COCCN,COCCNC(=O)C(C)Oc1ccc(Oc2ccc(C(F)(F)F)cc2)cc1,train
O=C(NCCCCl)c1ccc(OCc2ccccc2)cc1.OC1(Cc2ccccc2)CCNCC1,O=C(NCCCN1CCC(O)(Cc2ccccc2)CC1)c1ccc(OCc2ccccc2)cc1,train
COC(=O)CC1CCN(CCN(c2ccccc2)c2ccccc2)CC1,O=C(O)CC1CCN(CCN(c2ccccc2)c2ccccc2)CC1,train
COc1ccc2c(c1)OC(CN)CO2.O=c1ccoc2cc(OCCCBr)ccc12,COc1ccc2c(c1)OC(CNCCCOc1ccc3c(=O)ccoc3c1)CO2,train
Cn1ccc2ncnc(Cl)c21.Nc1ccc(Oc2ccc3c(c2)CNC3=O)c(Cl)c1,Cn1ccc2ncnc(Nc3ccc(Oc4ccc5c(c4)CNC5=O)c(Cl)c3)c21,train
CCOC(C(=O)NCc1ccc(C#N)cc1[N+](=O)[O-])N1Cc2c(C)cccc2C1=O,CCOC(C(=O)NCc1ccc(C#N)cc1N)N1Cc2c(C)cccc2C1=O,train
CNC.COC(=O)c1ccc(F)cc1Br,COC(=O)c1ccc(N(C)C)cc1Br,train
CC(C)(C)OC(=O)NCCNc1c(N)c(Cl)nc2ccccc12.CCOCC(=O)Cl,CCOCC(=O)Nc1c(Cl)nc2ccccc2c1NCCNC(=O)OC(C)(C)C,train
CCOC(C)O[C@@H]1OC=C(C(=O)OC)[C@H]2CC=C(CO)[C@@H]12.CI,CCOC(C)O[C@@H]1OC=C(C(=O)OC)[C@H]2CC=C(COC)[C@@H]12,train
CCOC(=O)c1cccc(C2(C(N)=O)C(=O)N(CC(=O)N(c3ccccc3)C(C)C)c3ccccc3N(c3ccccc3)C2=O)c1,CC(C)N(C(=O)CN1C(=O)C(C(N)=O)(c2cccc(C(=O)O)c2)C(=O)N(c2ccccc2)c2ccccc21)c1ccccc1,train
Cc1cnc(CN(CCCCN)Cc2nccc3ccccc23)c(C)c1.O=C(Cl)c1cccc2[nH]cnc12,Cc1cnc(CN(CCCCNC(=O)c2cccc3[nH]cnc23)Cc2nccc3ccccc23)c(C)c1,train
COC(=O)C1(CCO[Si](C)(C)C(C)(C)C)CCN(C(=O)OC(C)(C)C)CC1,CC(C)(C)OC(=O)N1CCC(CO)(CCO[Si](C)(C)C(C)(C)C)CC1,train
C=CC[C@@H](N=C=O)c1ccc(C)cc1.CCC1(CC)C(=O)NC1Oc1ccc(C(=O)CCC#N)cc1,C=CC[C@@H](NC(=O)N1C(=O)C(CC)(CC)[C@@H]1Oc1ccc(C(=O)CCC#N)cc1)c1ccc(C)cc1,train
CCc1cc2c(Cl)nc(-c3ccccn3)nc2s1.NCCc1ccc2c(c1)OCO2,CCc1cc2c(NCCc3ccc4c(c3)OCO4)nc(-c3ccccn3)nc2s1,train
C[C@@]12CC[C@H]3C[C@H]4C[C@H](O)CC[C@@H]4C[C@@H]3[C@H]1CC(=O)[C@H]2O,CC(=O)O,train
CON(C)C(=O)c1cc(Br)cnc1N.[Mg+]c1ccccc1,Nc1ncc(Br)cc1C(=O)c1ccccc1,train
COC(=O)c1cccc(CBr)c1.Clc1cc2c(NC3CCNCC3)ncnc2s1,COC(=O)c1cccc(CN2CCC(Nc3ncnc4sc(Cl)cc34)CC2)c1,train
COC(=O)c1cccc(Oc2nn(Cc3ccccc3)c3ccccc23)n1,OCc1cccc(Oc2nn(Cc3ccccc3)c3ccccc23)n1,train
COc1cc(Cl)ccc1-c1nsc(CBr)n1.NC(=O)c1c(F)ccc(O)c1F,COc1cc(Cl)ccc1-c1nsc(COc2ccc(F)c(C(N)=O)c2F)n1,train
Nc1nc2cc(-c3cccnc3)cc(Cl)n2n1.OB(O)c1cccnc1,Nc1nc2cc(-c3cccnc3)cc(-c3cccnc3)n2n1,train
CS(=O)(=O)OC[C@H]1CN(c2ccc(I)cc2)C(=O)O1.[N-]=[N+]=[N-],[N-]=[N+]=NC[C@H]1CN(c2ccc(I)cc2)C(=O)O1,train
CCC(CC)(c1ccc(C#CCCCC(=O)OC)c(C)c1)c1ccc(C#CC(O)(C(F)(F)F)C(F)(F)F)c(C)c1,CCC(CC)(c1ccc(C#CCCCC(=O)O)c(C)c1)c1ccc(C#CC(O)(C(F)(F)F)C(F)(F)F)c(C)c1,train
CC[C@@H](C(N)=O)N1CC(CO)CC1=O.Oc1ccccc1,CC[C@@H](C(N)=O)N1CC(COc2ccccc2)CC1=O,train
CCOC(=O)c1nc(Cl)sc1-c1ccccc1,O=C(O)c1nc(Cl)sc1-c1ccccc1,train
CC(=O)OCc1c(Br)cc(F)cc1N1CCn2c(cc3c2C2CCC3C2)C1=O.Cn1cc(B2OC(C)(C)C(C)(C)O2)cc(Nc2ccncn2)c1=O,CC(=O)OCc1c(-c2cc(Nc3ccncn3)c(=O)n(C)c2)cc(F)cc1N1CCn2c(cc3c2C2CCC3C2)C1=O,train
CC(C)(C)OC(=O)N1CCCC(O)C1.Cc1nc(-c2ccc(Cl)cc2)sc1CCl,Cc1nc(-c2ccc(Cl)cc2)sc1COC1CCCN(C(=O)OC(C)(C)C)C1,train
COC(=O)c1cc(Cn2c(C)c(C#N)c(-c3ccc(C#N)cc3)c2C)ccc1Cl,Cc1c(C#N)c(-c2ccc(C#N)cc2)c(C)n1Cc1ccc(Cl)c(CO)c1,train
Cc1cc(C(=O)Cl)no1.Nc1ccc(Cl)c(C(=O)O)c1,Cc1cc(C(=O)Nc2ccc(Cl)c(C(=O)O)c2)no1,train
COc1ccc(CO[C@@H]2[C@H]3N=C(N(C)C(=O)OC(C)(C)C)S[C@H]3O[C@H](C(C)=O)[C@H]2OCc2ccc(OC)cc2)cc1.NC1CCCC1,COc1ccc(CO[C@H]2[C@H](OCc3ccc(OC)cc3)[C@H]3N=C(N(C)C(=O)OC(C)(C)C)S[C@H]3O[C@@H]2[C@H](C)NC2CCCC2)cc1,train
CC(C)(CSc1cnc(NC(=O)N(CCOCc2ccccc2Cl)[C@H]2CC[C@H](C)CC2)s1)C(=O)O,CC(C)(CSc1cnc(NC(=O)N(CCOCc2ccccc2)[C@H]2CC[C@H](C)CC2)s1)C(=O)O,train
C=CCNCC=C.COCOC(c1cc(CBr)ccc1I)(C(F)(F)F)C(F)(F)F,C=CCN(CC=C)Cc1ccc(I)c(C(OCOC)(C(F)(F)F)C(F)(F)F)c1,train
CC(C)(C)OC(=O)CC1(CC(=O)OC(C)(C)C)CC(c2cc(O)ccc2CCC(=O)O)=NO1.O=S1(=O)CCNCC1,CC(C)(C)OC(=O)CC1(CC(=O)OC(C)(C)C)CC(c2cc(O)ccc2CCC(=O)N2CCS(=O)(=O)CC2)=NO1,train
CC(C)(C)OC(=O)Nc1c(Br)ccc(C(F)(F)F)c1F,Nc1c(Br)ccc(C(F)(F)F)c1F,train
BrCCC1OCCO1.Clc1ncc2c(n1)N1CCOC[C@H]1CN2,Clc1ncc2c(n1)N1CCOC[C@H]1CN2CCC1OCCO1,train
CC(C)(C)OC(=O)C1CCN(CCN)CC1.O=[N+]([O-])c1ccccc1F,CC(C)(C)OC(=O)C1CCN(CCNc2ccccc2[N+](=O)[O-])CC1,train
COc1ccc2c(Cc3ccc(OCCN4CCCCC4)cc3)c(OS(=O)(=O)C(F)(F)F)ccc2c1.OB(O)c1ccccc1F,COc1ccc2c(Cc3ccc(OCCN4CCCCC4)cc3)c(-c3ccccc3F)ccc2c1,train
COc1cccc(SC2CN(C(C)(C)CCC(C(N)=O)(c3ccccc3)c3ccccc3)C2)c1,CC(C)(CCC(C(N)=O)(c1ccccc1)c1ccccc1)N1CC(Sc2cccc(O)c2)C1,train
COC(=O)c1ccc(Cl)c2nc(Nc3ncc(Cl)cc3Cl)n(CCCCO)c12,COC(=O)c1ccc(Cl)c2nc3n(c12)CCCCN3c1ncc(Cl)cc1Cl,train
CC(=O)c1cccc(Oc2ccc(Cl)cc2[N+](=O)[O-])c1,CC(O)c1cccc(Oc2ccc(Cl)cc2[N+](=O)[O-])c1,train
CS(=O)(=O)Cl.N[C@H](COC(F)F)C(=O)NCc1ccccc1,CS(=O)(=O)N[C@H](COC(F)F)C(=O)NCc1ccccc1,train
CC(=O)NCC(C)(C)c1ccc(N)cc1-c1cccnc1.COc1ccc(C(=O)Cl)cc1OC,COc1ccc(C(=O)Nc2ccc(C(C)(C)CNC(C)=O)c(-c3cccnc3)c2)cc1OC,train
CCn1cc(C(=O)O)c(=O)n(-c2ccc(F)cc2)c1=O.COc1cc2nccc(Oc3ccc(N)cc3F)c2cc1OC,CCn1cc(C(=O)Nc2ccc(Oc3ccnc4cc(OC)c(OC)cc34)c(F)c2)c(=O)n(-c2ccc(F)cc2)c1=O,train
CCCCCCCCCCC[P+](c1ccccc1)(c1ccccc1)c1ccccc1.O=Cc1cn(C(c2ccccc2)(c2ccccc2)c2ccccc2)cn1,CCCCCCCCCCC=Cc1cn(C(c2ccccc2)(c2ccccc2)c2ccccc2)cn1,train
CCN1CCN(c2nc(C)c(C(=O)O)s2)C1=O.NCc1cccnc1,CCN1CCN(c2nc(C)c(C(=O)NCc3cccnc3)s2)C1=O,train
CC=O.Nc1ccc(Br)cn1,CCNc1ccc(Br)cn1,train
CC1(C)OB(c2cc(C(F)F)ccc2F)OC1(C)C.Cc1c(-c2ccccn2)nc2cc(F)cc(F)c2c1Nc1cc(N2CCOCC2)ncc1I,Cc1c(-c2ccccn2)nc2cc(F)cc(F)c2c1Nc1cc(N2CCOCC2)ncc1-c1cc(C(F)F)ccc1F,train
CCCCCCCCBr.O=C1CCCCCCCN1,CCCCCCCCN1CCCCCCCC1=O,train
CN(C)CC(=O)N1CCC[C@H]1COc1cccc2ncnc(Nc3ccc(O)c(Cl)c3)c12.Cc1cccc(CO)n1,Cc1cccc(COc2ccc(Nc3ncnc4cccc(OC[C@@H]5CCCN5C(=O)CN(C)C)c34)cc2Cl)n1,train
CN1CS(=O)c2cc(CCN)ccc21.O=C1c2ccccc2C(=O)N1CCCCBr,CN1CS(=O)c2cc(CCNCCCCN3C(=O)c4ccccc4C3=O)ccc21,train
Nc1cnc(F)cc1-c1cc(Br)cnc1F,Fc1cc2c(cn1)[nH]c1ncc(Br)cc12,train
C#Cc1ccc(C2CC2C(=O)OC)cc1.Cc1cccc(I)c1,COC(=O)C1CC1c1ccc(C#Cc2cccc(C)c2)cc1,train
Cc1cccc(C(=O)NCc2ccc(C#N)cc2N)c1.O=C(CCl)Nc1ccccc1,Cc1cccc(C(=O)NCc2ccc(C#N)cc2NCC(=O)Nc2ccccc2)c1,train
O=C(O)c1cc(Cl)c(Cl)cc1C(=O)O,O=C(O)c1ccc(Cl)cc1C(=O)O,train
C1CC(N2CCOCC2)CCN1.CCc1nccc(-c2ccc(C(=O)O)c(Cl)c2)c1C#Cc1ccc(N)nc1,CCc1nccc(-c2ccc(C(=O)N3CCC(N4CCOCC4)CC3)c(Cl)c2)c1C#Cc1ccc(N)nc1,train
O=C(Cc1ccc(F)cc1F)c1ccc(F)cc1.c1nc[nH]n1,O=C(Cc1ccc(F)cc1F)c1ccc(-n2cncn2)cc1,train
COc1ccc(C)cc1C(CCN(C(C)C)C(C)C)c1ccccc1,Cc1ccc(O)c(C(CCN(C(C)C)C(C)C)c2ccccc2)c1,train
C[Si](C)(C)C#Cc1cncnc1.Cc1cnc(N)c(I)c1,Cc1cnc2[nH]c([Si](C)(C)C)c(-c3cncnc3)c2c1,train
CN1CCc2c(n(CC(=O)O)c3cccc(Cl)c23)C1.Nc1ccc(F)cc1,CN1CCc2c(n(CC(=O)Nc3ccc(F)cc3)c3cccc(Cl)c23)C1,train
CC(C)(C)OC(=O)N=C(NCc1cnn(C[C@H]2NC(=O)[C@H]2N)n1)N(CC1CN(C(=O)OC(C)(C)C)C1)C(=O)OC(C)(C)C.CC(C)(C)OC(=O)Nc1nc(/C(=N/OC2(C(=O)OC(c3ccccc3)c3ccccc3)CC2)C(=O)O)cs1,CC(C)(C)OC(=O)N=C(NCc1cnn(C[C@H]2NC(=O)[C@H]2NC(=O)/C(=N\OC2(C(=O)OC(c3ccccc3)c3ccccc3)CC2)c2csc(NC(=O)OC(C)(C)C)n2)n1)N(CC1CN(C(=O)OC(C)(C)C)C1)C(=O)OC(C)(C)C,train
CCOC(=O)C(CC(C)C)c1cc(-c2ccc(C(F)(F)F)cc2)cc(C2CCCC(C(F)(F)F)N2)c1.FC(F)(F)c1ccc(CBr)cc1,CCOC(=O)C(CC(C)C)c1cc(-c2ccc(C(F)(F)F)cc2)cc(C2CCCC(C(F)(F)F)N2Cc2ccc(C(F)(F)F)cc2)c1,train
CCOC(=O)CCn1c(C)cnc(O)c1=O.NCC(F)(F)c1ccccc1,CCOC(=O)CCn1c(C)cnc(NCC(F)(F)c2ccccc2)c1=O,train
BrC(Br)(Br)Br.CCOc1ccc([N+](=O)[O-])c(C=O)c1,CCOc1ccc([N+](=O)[O-])c(C=C(Br)Br)c1,train
CCOC(=O)c1c(S)nc2cc(Cl)c(F)cc2c1O.O=C1CCCCC1Cl,CCOC(=O)c1c(SC2CCCCC2=O)nc2cc(Cl)c(F)cc2c1O,train
CCOC(=O)C(=CNC1CC1)C(=O)c1c(F)c(F)c(Br)c(F)c1F,CCOC(=O)c1cn(C2CC2)c2c(F)c(Br)c(F)c(F)c2c1=O,train
CC(=O)c1ccc(C=O)s1.COc1cc(N)ccc1-c1cnco1,COc1cc(NCc2ccc(C(C)=O)s2)ccc1-c1cnco1,train
CCOC(=O)c1c(C(=O)OCC)c2c(-c3ccccc3)cc(N3CCOCC3)nn2c1CCCO.CI,CCOC(=O)c1c(C(=O)OCC)c2c(-c3ccccc3)cc(N3CCOCC3)nn2c1CCCOC,train
CC(C)(C)OC(=O)N1CCC[C@@H]1CN.O=[N+]([O-])c1ccccc1F,CC(C)(C)OC(=O)N1CCC[C@@H]1CNc1ccccc1[N+](=O)[O-],train
COC(=O)c1cc2c3ccccc3n(C(=O)c3ccccc3)c2s1,COC(=O)c1cc2c3ccccc3n(C(C)=O)c2s1,train
CO[C@@H]1CCN(C(=O)OC(C)(C)C)C[C@H]1c1nccs1,CO[C@@H]1CCNC[C@H]1c1nccs1,train
N#Cc1cc(NC(=O)c2ccccc2F)ccc1NC(=O)C(F)(F)F,N#Cc1cc(NC(=O)c2ccccc2F)ccc1N,train
CC[C@H](C)[C@H](NC(=O)c1csc(N2CC(O)C2)n1)C(O[SiH](C)C)C(C)(C)C.CS(=O)(=O)Cl,CC[C@H](C)[C@H](NC(=O)c1csc(N2CC(OS(C)(=O)=O)C2)n1)C(O[SiH](C)C)C(C)(C)C,train
O=S(=O)([O-])CCCBr.Oc1cc(Cl)ccc1Cl,O=S(=O)([O-])CCCOc1cc(Cl)ccc1Cl,train
COc1nc2ccc(C(O)c3cnc(C)n3C)cc2c(Cl)c1Cc1ccc(C(F)(F)F)cc1,COc1nc2ccc(C(=O)c3cnc(C)n3C)cc2c(Cl)c1Cc1ccc(C(F)(F)F)cc1,train
COc1cc(C(=O)O)c(Cl)cc1[N+](=O)[O-].Nc1ccccc1,COc1cc(C(=O)Nc2ccccc2)c(Cl)cc1[N+](=O)[O-],train
COC(=O)[C@H](CNC(=O)OC(C)(C)C)NC(=O)c1sc(C(=O)NCc2ccc(F)c(O)c2)cc1C,COC(=O)[C@H](CN)NC(=O)c1sc(C(=O)NCc2ccc(F)c(O)c2)cc1C,train
BrC1CCCC1.Cc1cc(N2CCCC2=O)ccc1-c1ccc(C(=O)N2CCc3cc4c(cc32)C2(CCNCC2)CO4)cc1,Cc1cc(N2CCCC2=O)ccc1-c1ccc(C(=O)N2CCc3cc4c(cc32)C2(CCN(C3CCCC3)CC2)CO4)cc1,train
O=C(c1ccccc1)c1ccc2nccnc2c1,OC(c1ccccc1)c1ccc2nccnc2c1,train
CCCCNC(=O)c1ccc2c(c1)N=C(Cl)c1cc(Cl)ccc1S2.Clc1ccc([Zn+])s1,CCCCNC(=O)c1ccc2c(c1)N=C(c1ccc(Cl)s1)c1cc(Cl)ccc1S2,train
CC(C)I.Clc1cc(Cl)c2nc[nH]c2n1,CC(C)n1cnc2c(Cl)cc(Cl)nc21,train
COc1cc(N)cc(C(=O)O)c1.Cc1ccc(-n2nc([Si](C)(C)C)cc2NC(=O)Nc2ccc(Oc3ccnc(Cl)n3)c3ccccc23)cc1,COc1cc(Nc2nccc(Oc3ccc(NC(=O)Nc4cc([Si](C)(C)C)nn4-c4ccc(C)cc4)c4ccccc34)n2)cc(C(=O)O)c1,train
CCc1ccc2c(c1)C(=O)CCN2C.NO,CCc1ccc2c(c1)/C(=N/O)CCN2C,train
CC(F)(F)c1ccc(C(=O)OCc2ccccc2)cn1,CC(F)(F)c1ccc(CO)cn1,train
CCOC(=O)NCCCl.c1ccc2c(c1)nc(NC1CCNCC1)n2Cc1cscn1,CCOC(=O)NCCN1CCC(Nc2nc3ccccc3n2Cc2cscn2)CC1,train
CC(C)(C)OC(=O)N1CCN(Cc2ccc(Cl)cc2C(=O)N2CCOCC2)CC1,O=C(c1cc(Cl)ccc1CN1CCNCC1)N1CCOCC1,train
Cc1ccc(O)cc1.FC(F)=C(F)F,Cc1ccc(OC(F)(F)C(F)F)cc1,train
C=C(C)[C@@H]1CC[C@]2(COC(=O)c3ccccc3)CC[C@]3(C)[C@H](CC[C@@H]4[C@@]5(C)CC=C(OS(=O)(=O)C(F)(F)F)C(C)(C)[C@@H]5CC[C@]43C)[C@@H]12.CCCC[Sn](CCCC)(CCCC)c1cc(C(=O)OCC)[nH]n1,C=C(C)[C@@H]1CC[C@]2(COC(=O)c3ccccc3)CC[C@]3(C)[C@H](CC[C@@H]4[C@@]5(C)CC=C(c6cc(C(=O)OCC)[nH]n6)C(C)(C)[C@@H]5CC[C@]43C)[C@@H]12,train
Cc1nc(-c2ccc(C(F)(F)F)cc2)sc1C(C)C=O,Cc1nc(-c2ccc(C(F)(F)F)cc2)sc1C(C)CO,train
COc1ccc([N+](=O)[O-])cc1N=C=O.NC(C(=O)Nc1ccc(Br)cc1)c1ccccc1,COc1ccc([N+](=O)[O-])cc1NC(=O)NC(C(=O)Nc1ccc(Br)cc1)c1ccccc1,train
CCCCC=CCCCCOC(C)=O,CCCCC=CCCCCO,train
CCSc1ccccc1C(=O)OC,CCSc1ccccc1CO,train
CCOC(=O)c1c(C)cc(C)[nH]c1=O.OB(O)c1ccc(F)cc1,CCOC(=O)c1c(C)cc(C)n(-c2ccc(F)cc2)c1=O,train
CC(=O)SC(C)C(=O)Nc1ccc(C2=NNC(=O)CC2C)cc1,CC(S)C(=O)Nc1ccc(C2=NNC(=O)CC2C)cc1,train
CC(NCCCN)c1ccc(Cl)c(Cl)c1.O=C(O)CCc1nc2ccc(N3CCCCC3)nc2s1,CC(NCCCNC(=O)CCc1nc2ccc(N3CCCCC3)nc2s1)c1ccc(Cl)c(Cl)c1,train
CC(C)(C)OC(=O)Cn1c(CCc2ccccc2)ccc(NC(=O)OCc2ccccc2)c1=O,O=C(O)Cn1c(CCc2ccccc2)ccc(NC(=O)OCc2ccccc2)c1=O,train
CC(=O)N(CCCc1ccccc1)[C@H]1CC[C@H](c2ccc(OCc3ccccc3)cc2)CC1,CCN(CCCc1ccccc1)[C@H]1CC[C@H](c2ccc(OCc3ccccc3)cc2)CC1,train
COC=C(C#N)C(OC)OC.C[O-],COC(OC)C(C#N)C(OC)OC,train
CCOC(=O)CNC(=O)c1c(O)c(-c2ccc(F)c(F)c2)cc2nc(-c3ccc(F)c(F)c3)cnc12,O=C(O)CNC(=O)c1c(O)c(-c2ccc(F)c(F)c2)cc2nc(-c3ccc(F)c(F)c3)cnc12,train
CN=C=S.NCCSCc1ncccc1N,CNC(=S)NCCSCc1ncccc1N,train
CS(=O)(=O)Cl.OC[C@H]1CCc2sc3ncnc(OC4CCC(N5CC6(COC6)C5)CC4)c3c21,CS(=O)(=O)OC[C@H]1CCc2sc3ncnc(OC4CCC(N5CC6(COC6)C5)CC4)c3c21,train
Cc1c(I)ccc2nc(-c3nc(-c4cc(F)c(CCC(=O)OC(C)(C)C)cc4Cl)no3)cn12,Cc1c(I)ccc2nc(-c3nc(-c4cc(F)c(CCC(=O)O)cc4Cl)no3)cn12,train
C[C@H]1SC(NC(=O)c2ccccc2)=N[C@@]2(c3ccc(F)cc3F)CO[C@@H](c3ncco3)C[C@@H]12.NC1=N[C@@]2(c3ccc(F)cc3F)CO[C@@H](c3ncco3)C[C@H]2CS1,C[C@H]1SC(N)=N[C@@]2(c3ccc(F)cc3F)CO[C@@H](c3ncco3)C[C@@H]12,train
CCCN=C=O.Nc1ncc2cc(-c3c(Cl)cccc3Cl)c(N)nc2n1,CCCNC(=O)Nc1nc2nc(N)ncc2cc1-c1c(Cl)cccc1Cl,train
CCc1ccc([C@@H]2O[C@H](COC(=O)[C@H](NC(=O)OC(C)(C)C)C(C)C)[C@@H](O)[C@H](O)[C@H]2O)cc1Cc1ccc2c(c1)OCCO2,CCc1ccc([C@@H]2O[C@H](COC(=O)[C@H](N)C(C)C)[C@@H](O)[C@H](O)[C@H]2O)cc1Cc1ccc2c(c1)OCCO2,train
Cc1nc(O)c([N+](=O)[O-])c(N2CCc3ccccc3CC2)n1.ClCCCc1ccccc1,Cc1nc(OCCCc2ccccc2)c([N+](=O)[O-])c(N2CCc3ccccc3CC2)n1,train
O=C(Cl)OCc1ccccc1.O=C(O)C1(C2CCCCC2)CCNCC1,O=C(OCc1ccccc1)N1CCC(C(=O)O)(C2CCCCC2)CC1,train
CC(C)(C)OC(=O)NC(C(=O)O)c1ccccc1.COc1ccc(NCCc2ccc(C(F)(F)F)cc2)cc1OC,COc1ccc(N(CCc2ccc(C(F)(F)F)cc2)C(=O)C(NC(=O)OC(C)(C)C)c2ccccc2)cc1OC,train
CNC.COc1ccc(COc2cnn(CC(=O)c3ccc(CBr)cc3C)c(=O)c2)nc1,COc1ccc(COc2cnn(CC(=O)c3ccc(CN(C)C)cc3C)c(=O)c2)nc1,train
COc1cc(Nc2nccc(-c3ccc(OC4CCOCC4)c(C#N)c3)n2)ccc1OCCOCCN.CS(=O)(=O)Cl,COc1cc(Nc2nccc(-c3ccc(OC4CCOCC4)c(C#N)c3)n2)ccc1OCCOCCNS(C)(=O)=O,train
CC(C)(C)OC(=O)Nc1cccc(NC2CC2)c1.N#CSc1nc(Cl)ncc1[N+](=O)[O-],CC(C)(C)OC(=O)Nc1cccc(N(c2ncc([N+](=O)[O-])c(SC#N)n2)C2CC2)c1,train
CC(C)CSc1ccc2cc([N+](=O)[O-])c(N)cc2c1,CC(C)CSc1ccc2cc(N)c(N)cc2c1,train
C1CCNC1.CC(C)(C)OC(=O)N1CCC(c2ccc(Br)cc2)CC1,CC(C)(C)OC(=O)N1CCC(c2ccc(N3CCCC3)cc2)CC1,train
Nc1ccc(F)cc1.O=C(O)C1(C(=O)O)CCC1,O=C(O)C1(C(=O)Nc2ccc(F)cc2)CCC1,train
Cc1ccc(C(=O)Cl)cc1.Cc1ccc2nc(N)sc2c1,Cc1ccc(C(=O)Nc2nc3ccc(C)cc3s2)cc1,train
O=[N+]([O-])c1ccc(Oc2ccc(I)cc2)cc1,Nc1ccc(Oc2ccc(I)cc2)cc1,train
CCOC(=O)CS.N#CCNC(=O)[C@@H]1CCCC[C@H]1CS(=O)(=O)c1ccc(F)cc1,CCOC(=O)CSc1ccc(S(=O)(=O)C[C@@H]2CCCC[C@H]2C(=O)NCC#N)cc1,train
CCNCC.O=C(Cl)c1ccc(I)cc1,CCN(CC)C(=O)c1ccc(I)cc1,train
CCC[C@H](NC(=O)OCc1ccccc1)C(=O)N[C@@H](CCC)C(=O)N[C@@H](C)P(=O)(O)O,CCC[C@H](NC(=O)[C@@H](N)CCC)C(=O)N[C@@H](C)P(=O)(O)O,train
CC(C)(C)OC(=O)N1CCC(n2cnc(-c3ccccc3)c2)CC1,c1ccc(-c2cn(C3CCNCC3)cn2)cc1,train
N=C(N)c1ccc(C=Cc2ccccc2)cc1.O=[N+]([O-])c1ccc(C=CS(=O)(=O)Cl)cc1,N=C(NS(=O)(=O)C=Cc1ccc([N+](=O)[O-])cc1)c1ccc(C=Cc2ccccc2)cc1,train
C#Cc1cc(Nc2ncnc3cnc(F)cc23)ccc1Cl.COc1ccc(CN)cc1,C#Cc1cc(Nc2ncnc3cnc(NCc4ccc(OC)cc4)cc23)ccc1Cl,train
COC(=O)c1cocc1-n1c(Cl)nn(C)c1=O.C[O-],COC(=O)c1cocc1-n1c(OC)nn(C)c1=O,train
Fc1cc(Cl)cc(CCl)c1.OCC(F)(F)F,Fc1cc(Cl)cc(COCC(F)(F)F)c1,train
ClC1O[C@H](COCc2ccccc2)[C@@H](OCc2ccccc2)[C@H]1OCc1ccccc1.O=[N+]([O-])c1cc2nc(Cl)[nH]c2cc1[N+](=O)[O-],O=[N+]([O-])c1cc2nc(Cl)n([C@@H]3O[C@H](COCc4ccccc4)[C@@H](OCc4ccccc4)[C@H]3OCc3ccccc3)c2cc1[N+](=O)[O-],train
Cc1[nH]nc2c1c(=O)n(CCCN)c1ccc(C#CCO)cc21,Cc1[nH]nc2c1c(=O)n(CCCN)c1ccc(CCCO)cc21,train
CCOC(=O)c1cnn(-c2cc(CC)cnc2Cl)c1C,CCc1cnc(Cl)c(-n2ncc(C(=O)O)c2C)c1,train
CC(C)(C)OC(=O)N1CCC(c2ccc(O)cc2)C(O)C1.Fc1ccc(OCCCBr)cc1,CC(C)(C)OC(=O)N1CCC(c2ccc(OCCCOc3ccc(F)cc3)cc2)C(O)C1,train
COc1ccc(B(O)O)c(OC)c1.Nc1c(C(=O)NC2CC2)nnc2c(Br)cccc12,COc1ccc(-c2cccc3c(N)c(C(=O)NC4CC4)nnc23)c(OC)c1,train
COc1cc(CCOP(=O)(O)O)ccc1OC(=O)O[C@H](c1cc(C(F)(F)F)cc(C(F)(F)F)c1)[C@H](C)N(Cc1cc(C(F)(F)F)ccc1-c1cc(C(C)C)c(F)cc1OC)C(=O)OC(C)(C)C.Cl,COc1cc(CCOP(=O)(O)O)ccc1OC(=O)O[C@H](c1cc(C(F)(F)F)cc(C(F)(F)F)c1)[C@H](C)[NH2+]Cc1cc(C(F)(F)F)ccc1-c1cc(C(C)C)c(F)cc1OC,train
NS(=O)(=O)c1ccccc1S(=O)(=O)NC(=O)c1ccc(I)c(Br)c1.OB(O)c1cc2ccccc2o1,NS(=O)(=O)c1ccccc1S(=O)(=O)NC(=O)c1ccc(-c2cc3ccccc3o2)c(Br)c1,train
CC(C)S(=O)(=O)c1ncccc1Br.CC1(C)OB(c2ccc(-c3cnc4[nH]ccc4c3)c(F)c2)OC1(C)C,CC(C)S(=O)(=O)c1ncccc1-c1ccc(-c2cnc3[nH]ccc3c2)c(F)c1,train
CC(C)(C)OC(=O)N1CCC(Oc2ccc(C#N)cc2)CC1,N#Cc1ccc(OC2CCNCC2)cc1,train
C1CCCNCC1.CCCCBr,CCCCN1CCCCCC1,train
BrCCCCCCCCCOC1CCCCO1.OCCc1ccccc1,c1ccc(CCOCCCCCCCCCOC2CCCCO2)cc1,train
CS(=O)(=O)c1ccc(Cl)c([N+](=O)[O-])c1,CS(=O)(=O)c1ccc(Cl)c(N)c1,train
CC(C)(C)c1ccc([Mg+])cc1.O=C1Cc2ccccc2C1,CC(C)(C)c1ccc(C2(O)Cc3ccccc3C2)cc1,train
COC(=O)C(C)(C)Sc1cccc(O)c1.OCCn1ccc2ccccc21,COC(=O)C(C)(C)Sc1cccc(OCCn2ccc3ccccc32)c1,train
CCOC(=O)C1(c2ccc(B3OC(C)(C)C(C)(C)O3)cc2)CC1.Cc1noc(-c2ccc(Br)cc2)c1C(O)C(=O)NCCc1ccccc1,CCOC(=O)C1(c2ccc(-c3ccc(-c4onc(C)c4C(O)C(=O)NCCc4ccccc4)cc3)cc2)CC1,train
O=C1CCCCCC1.O=C1NCN(c2ccccc2)C12CCNCC2.[C-]#N,N#CC1(N2CCC3(CC2)C(=O)NCN3c2ccccc2)CCCCCC1,train
CCOC(=O)c1cc(OCCNC(=O)OC(C)(C)C)cc(C(=O)OCC)n1,CCOC(=O)c1cc(OCCN)cc(C(=O)OCC)n1,train
CC(C)(C)OC(=O)N(CCO)c1cn(-c2cccnc2)nc1Cl.CS(=O)(=O)Cl,CC(C)(C)OC(=O)N(CCOS(C)(=O)=O)c1cn(-c2cccnc2)nc1Cl,train
CCOC(=O)CCCCBr.COC(=O)c1ccc(CNC2CCc3cccc(OC)c3C2)cc1,CCOC(=O)CCCCN(Cc1ccc(C(=O)OC)cc1)C1CCc2cccc(OC)c2C1,train
CCCc1cccc(OCOC)c1,CC=Cc1cccc(OCOC)c1,train
CCOC(=O)c1cc(Br)cs1.N#C[Cu],CCOC(=O)c1cc(C#N)cs1,train
N#Cc1cnc2c(Br)cc([N+](=O)[O-])cc2c1Cl.NC1CCCCCC1,N#Cc1cnc2c(Br)cc([N+](=O)[O-])cc2c1NC1CCCCCC1,train
COC(=O)C(CNC(=O)OC(C)(C)C)Cc1cc(Cl)ccc1OC,COc1ccc(Cl)cc1CC(CNC(=O)OC(C)(C)C)C(=O)O,train
CC(C)(C)OC(=O)OC(=O)OC(C)(C)C.COc1cccc(-c2cc3[nH]nc(I)c3s2)c1,COc1cccc(-c2cc3c(s2)c(I)nn3C(=O)OC(C)(C)C)c1,train
CI.COc1cc(N2CCN(C(=O)OC(C)(C)C)[C@@H](CO)C2)ccc1Cl,COCC1CN(c2ccc(Cl)c(OC)c2)CCN1C(=O)OC(C)(C)C,train
CC(=O)c1ccc(C(F)(F)F)cc1.CC(O)(c1ccc(Cl)cc1)C1CC1,CC(O)(c1ccc(C(F)(F)F)cc1)C1CC1,train
CCCCS.Clc1ccc(CC(Cl)n2ccnc2)c(Cl)c1,CCCCSC(Cc1ccc(Cl)cc1Cl)n1ccnc1,train
CI.Oc1cccc2cccnc12,COc1cccc2cccnc12,train
CCOC(=O)Cl.Nc1ccc2oc3c(c2c1)CCCCC3,CCOC(=O)Nc1ccc2oc3c(c2c1)CCCCC3,train
CC(C)(C)OC(=O)OC(=O)OC(C)(C)C.CCOC(=O)C=C(C)[C@@H]1[C@H](N)C(=O)N1Cc1ccc(OC)cc1OC,CCOC(=O)C=C(C)[C@@H]1[C@H](NC(=O)OC(C)(C)C)C(=O)N1Cc1ccc(OC)cc1OC,train
ClCCCCn1cnc2ccccc21.O=c1[nH]c2ccccc2n1C1CCNCC1,O=c1[nH]c2ccccc2n1C1CCN(CCCCn2cnc3ccccc32)CC1,train
CC(C)(C)OC(=O)N1CC(N2CCNCC2)C1.COc1cc(Cl)c(I)cc1NCC(=O)O,COc1cc(Cl)c(I)cc1NCC(=O)N1CCN(C2CN(C(=O)OC(C)(C)C)C2)CC1,train
COC(=O)c1cc([N+](=O)[O-])ccc1O.OC(c1ccccc1)c1ccc(Cl)cc1Cl,COC(=O)c1cc([N+](=O)[O-])ccc1OC(c1ccccc1)c1ccc(Cl)cc1Cl,train
Cc1cccc(C)c1N.O=C(Br)CBr,Cc1cccc(C)c1NC(=O)CBr,train
Cc1noc(N)c1Br.O=S(=O)(Cl)c1c(Cc2ccccc2)sc2ccccc12,Cc1noc(NS(=O)(=O)c2c(Cc3ccccc3)sc3ccccc23)c1Br,train
CC(C)(C)OC(=O)Nc1ncc(C#C[Si](C)(C)C)s1.Cc1cn(-c2cc(NC(=O)c3ccc(C)c(I)c3)cc(C(F)(F)F)c2)cn1,Cc1cn(-c2cc(NC(=O)c3ccc(C)c(C#Cc4cnc(NC(=O)OC(C)(C)C)s4)c3)cc(C(F)(F)F)c2)cn1,train
CCCC[Sn](CCCC)(CCCC)c1ccc(N2CCOCC2)nc1.Cc1c(Cl)nc2cc(F)cc(F)c2c1Cl,Cc1c(-c2ccc(N3CCOCC3)nc2)nc2cc(F)cc(F)c2c1Cl,train
NCc1ccc(Br)cc1F.O=C(O)c1cc2n(n1)CCCC2,O=C(NCc1ccc(Br)cc1F)c1cc2n(n1)CCCC2,train
COc1ccccc1Oc1c(NS(=O)(=O)c2ccc(C(C)(C)C)cc2)ncnc1OCCN.CS(=O)(=O)Cl,COc1ccccc1Oc1c(NS(=O)(=O)c2ccc(C(C)(C)C)cc2)ncnc1OCCNS(C)(=O)=O,train
CCOC(=O)c1c[nH]c2c(F)cc(I)cc2c1=O,O=C(O)c1c[nH]c2c(F)cc(I)cc2c1=O,train
CC(C)(CO)NC(=O)OC(C)(C)C.CC(C)[C@H](NC(=O)OCc1ccccc1)C(=O)O,CC(C)[C@H](NC(=O)OCc1ccccc1)C(=O)OCC(C)(C)NC(=O)OC(C)(C)C,train
CC(C)(C)OC(=O)OC(=O)OC(C)(C)C.COC(=O)C(N)Cc1ccc(O)cc1,COC(=O)C(Cc1ccc(O)cc1)NC(=O)OC(C)(C)C,train
CC(C)(C)OC(=O)N1CCN(CCOc2cccc(OS(=O)(=O)c3ccccc3Cl)c2)CC1,O=S(=O)(Oc1cccc(OCCN2CCNCC2)c1)c1ccccc1Cl,train
CCOC(=O)c1cc2ccc(CNCc3ccccc3)cc2s1.O=S(=O)(Cl)c1ccccc1,CCOC(=O)c1cc2ccc(CN(Cc3ccccc3)S(=O)(=O)c3ccccc3)cc2s1,train
O=C1NC(=O)C2(CCOc3c([N+](=O)[O-])cc(F)cc32)S1,Nc1cc(F)cc2c1OCCC21SC(=O)NC1=O,train
CC1(C)CCC=C1c1cc(C(=O)O)ccc1-c1cc(O)ccc1F.CO,COC(=O)c1ccc(-c2cc(O)ccc2F)c(C2=CCCC2(C)C)c1,train
CN(C)CCOc1ccc(N)cc1F.Cc1nc(-c2cccc(NC(=O)c3c(F)cccc3F)c2)c(-c2ccnc(Cl)n2)s1,Cc1nc(-c2cccc(NC(=O)c3c(F)cccc3F)c2)c(-c2ccnc(Nc3ccc(OCCN(C)C)c(F)c3)n2)s1,train
CCN(CC)c1ccc([N+](=O)[O-])cc1C#N,CCN(CC)c1ccc(N)cc1C#N,train
COC(=O)c1ccc(C(O)C(C)O)cn1,CC(O)C(O)c1ccc(C(=O)O)nc1,train
CCNCc1cc([N+](=O)[O-])ccc1Oc1cc(CC(=O)OCC)ccc1OC.O=C(Cl)OCc1ccccc1,CCOC(=O)Cc1ccc(OC)c(Oc2ccc([N+](=O)[O-])cc2CN(CC)C(=O)OCc2ccccc2)c1,train
CCn1c2ccccc2c2cccc(C(=O)OC)c21,CCn1c2ccccc2c2cccc(CO)c21,train
CS(=O)(=O)OCC1(c2cccc3ccccc23)CCCC1.[C-]#N,N#CCC1(c2cccc3ccccc23)CCCC1,train
CCO.Nc1cc(Cl)nc(N)[n+]1[O-],CCOc1cc(N)[n+]([O-])c(N)n1,train
O=C(CBr)OCc1ccccc1.c1ccc(-c2ncc[nH]2)cc1,O=C(Cn1ccnc1-c1ccccc1)OCc1ccccc1,train
CCCc1nnc(N)s1.CN=C=O,CCCc1nnc(NC(=O)NC)s1,train
C[C@H]1COCCN1c1cc(CS(C)(=O)=O)nc(-c2ccc(NC(=O)OC(C)(C)C)cc2)n1,C[C@H]1COCCN1c1cc(CS(C)(=O)=O)nc(-c2ccc(N)cc2)n1,train
CCC[C@@H](NC(=O)OC(C)(C)C)C(=O)N1CC(F)C1,CCC[C@@H](N)C(=O)N1CC(F)C1,train
Nc1cccnc1.O=C(Cl)Oc1ccccc1,O=C(Nc1cccnc1)Oc1ccccc1,train
COc1ccc(C(=O)C(=O)c2ccnc(Cl)c2)cc1.N#Cc1cccc(B(O)O)c1,COc1ccc(C(=O)C(=O)c2ccnc(-c3cccc(C#N)c3)c2)cc1,train
C=CCBr.C[C@H]1Oc2ccc(F)cc2NC(=O)[C@H]1NC(=O)OC(C)(C)C,C=CCN1C(=O)[C@@H](NC(=O)OC(C)(C)C)[C@@H](C)Oc2ccc(F)cc21,train
OCC1(c2ccccc2)c2ccccc2-c2ccccc21,O=CC1(c2ccccc2)c2ccccc2-c2ccccc21,train
Cc1nc2ccccc2n1-c1nc(N2CCOCC2)c2nc(CBr)n(C)c2n1.FC1(F)CCNCC1,Cc1nc2ccccc2n1-c1nc(N2CCOCC2)c2nc(CN3CCC(F)(F)CC3)n(C)c2n1,train
COC(=O)CBr.O=C1NC(=O)c2cc(Br)ccc21,COC(=O)CN1C(=O)c2ccc(Br)cc2C1=O,train
C1CSCN1.O=C(O)Cn1c(-c2ccc(Cl)cc2)nc2cccnc21,O=C(Cn1c(-c2ccc(Cl)cc2)nc2cccnc21)N1CCSC1,train
C=C(C)[C@@H](CC=C(C)C)C[C@@]12C[C@@H](CC=C(C)C)C(C)(C)[C@@](CC=C(C)C)(C(=O)C(C(=O)c3ccc(O)c(O)c3)=C1O)C2=O,CC(C)=CC[C@H]1C[C@@]23C[C@@H](CC=C(C)C)C(C)(C)[C@@](CC=C(C)C)(C(=O)C(C(=O)c4ccc(O)c(O)c4)=C2OC1(C)C)C3=O,train
Cn1cc2c(ccc3c(=O)c(-c4ccc(C5(NC(=O)OC(C)(C)C)CCC5)cc4)c(-c4ccccc4)oc32)n1,Cn1cc2c(ccc3c(=O)c(-c4ccc(C5(N)CCC5)cc4)c(-c4ccccc4)oc32)n1,train
C[C@@H](N)c1ccccc1.N#C[C@@H]1C[C@H](F)CN1C(=O)CNC12CCC(C(=O)O)(CC1)CC2,C[C@@H](NC(=O)C12CCC(NCC(=O)N3C[C@@H](F)C[C@H]3C#N)(CC1)CC2)c1ccccc1,train
CN.CNc1nc(Cl)cc(NS(=O)(=O)c2cccc(Cl)c2)n1,CNc1cc(NS(=O)(=O)c2cccc(Cl)c2)nc(NC)n1,train
Cc1ccc2c(OCCBr)cccc2n1.O=C1CCc2ccc(OC3CCNCC3)cc2N1,Cc1ccc2c(OCCN3CCC(Oc4ccc5c(c4)NC(=O)CC5)CC3)cccc2n1,train
CN1CCN(c2ccc(C(=O)Nc3n[nH]c4ccc(C(=O)c5cc(F)cc(F)c5)cc34)c(NC3CCOCC3)c2)CC1,CN1CCN(c2ccc(C(=O)Nc3n[nH]c4ccc(C(O)c5cc(F)cc(F)c5)cc34)c(NC3CCOCC3)c2)CC1,train
Cc1noc(C)c1-c1cnc2c(B(O)O)cn(CC3CCC(F)(F)CC3)c2c1.FC(F)c1ccc(Br)cc1,Cc1noc(C)c1-c1cnc2c(-c3ccc(C(F)F)cc3)cn(CC3CCC(F)(F)CC3)c2c1,train
NC1CC1.O=[N+]([O-])c1ccccc1F,O=[N+]([O-])c1ccccc1NC1CC1,train
C1CCNC1.Cc1[nH]cc2c(=O)n(-c3ccc(Cl)cc3)nc-2c1-c1cccc(C(=O)O)c1,Cc1[nH]cc2c(=O)n(-c3ccc(Cl)cc3)nc-2c1-c1cccc(C(=O)N2CCCC2)c1,train
COc1ccccc1OCC(O)CN1CCNCC1=O.Cc1cccc(C)c1NC(=O)CCl,COc1ccccc1OCC(O)CN1CCN(CC(=O)Nc2c(C)cccc2C)CC1=O,train
C1CC2(CCC3(CC2)OCCO3)CN1,O=C1CCC2(CCNC2)CC1,train
Cc1c(C=O)ccnc1Cl.NC1CC1,Cc1c(CNC2CC2)ccnc1Cl,train
COC(=O)c1c(Cl)nc2cc3c(cc2c1CN1CCN(C)CC1)OCCO3,CN1CCN(Cc2c(CO)c(Cl)nc3cc4c(cc23)OCCO4)CC1,train
COc1ccc2c(CC(=O)O)coc2c1,COc1ccc2c(c1)OCC2CC(=O)O,train
CC(=O)Cn1c(COCc2ccccc2)nc(C(C)C)c1Sc1cc(Cl)cc(Cl)c1.C[Mg+],CC(C)c1nc(COCc2ccccc2)n(CC(C)(C)O)c1Sc1cc(Cl)cc(Cl)c1,train
CN(C)c1ccc(B(O)O)cn1.O[C@H]1CC[C@H](Nc2ccc3ncc(I)n3n2)CC1,CN(C)c1ccc(-c2cnc3ccc(N[C@H]4CC[C@H](O)CC4)nn23)cn1,train
CC(C)(C)OC(=O)Cc1ccccc1CN.O=C(Cl)OCc1ccccc1,CC(C)(C)OC(=O)Cc1ccccc1CNC(=O)OCc1ccccc1,train
COc1cc(C)c(C=O)cc1C(C)C.O=C1Cc2cc(Br)ccc2N1,COc1cc(C)c(C=C2C(=O)Nc3ccc(Br)cc32)cc1C(C)C,train
CC1(O)CC1.NS(=O)(=O)Cl,CC1(OS(N)(=O)=O)CC1,train
COc1ccc(Cn2cc(-c3nc(NC(=O)OC(C)(C)C)sc3C=O)c(C(C)O)n2)cc1,COc1ccc(Cn2cc(-c3nc(NC(=O)OC(C)(C)C)sc3CO)c(C(C)O)n2)cc1,train
CS(=O)(=O)c1ccc(Oc2cc(Cl)ccc2CCC#N)c(Cl)c1.[N-]=[N+]=[N-],CS(=O)(=O)c1ccc(Oc2cc(Cl)ccc2CCc2nnn[nH]2)c(Cl)c1,train
CCC[C@@H]1C[C@H](N(C)C(C)C)CC[C@@H]1N1CC[C@H](N)C1=O.FC(F)(F)c1ccc2nccc(Cl)c2c1,CCC[C@@H]1C[C@H](N(C)C(C)C)CC[C@@H]1N1CC[C@H](Nc2ccnc3ccc(C(F)(F)F)cc23)C1=O,train
Clc1ncc(CCCCn2ccnn2)cn1.OCc1coc(C=Cc2ccc(Cl)cc2F)n1,Fc1cc(Cl)ccc1C=Cc1nc(COc2ncc(CCCCn3ccnn3)cn2)co1,train
CCOC(=O)c1nn2c(c1OCc1ccccc1)C(=O)N(C)CC2C(N)=O,CCOC(=O)c1nn2c(c1OCc1ccccc1)C(=O)N(C)CC2C#N,train
O=C(CN1CCN(Cc2ccccc2)CC1)c1ccc([N+](=O)[O-])cc1,Nc1ccc(C(=O)CN2CCN(Cc3ccccc3)CC2)cc1,train
CCOc1ccc(SC(c2cnc(Br)cc2C)c2cc(F)ccc2F)cc1.CN(C)C=O,CCOc1ccc(SC(c2cnc(C=O)cc2C)c2cc(F)ccc2F)cc1,train
Cc1cc(C(F)(F)F)c(=O)[nH]n1.O=C1CCC(=O)N1Br,O=c1[nH]nc(CBr)cc1C(F)(F)F,train
CCSc1nc2ccccc2cc1N.O=C(O)CC1CCCCC1,CCSc1nc2ccccc2cc1NC(=O)CC1CCCCC1,train
Cc1cn(C)c2c1Nc1ccccc1NC2=O.O=C(O)CN1CCCC1,Cc1cn(C)c2c1N(C(=O)CN1CCCC1)c1ccccc1NC2=O,train
COC(=O)c1ccc(CCl)cc1-c1ccccc1C.OCc1ccc(-c2ccccc2)o1,COC(=O)c1ccc(COCc2ccc(-c3ccccc3)o2)cc1-c1ccccc1C,train
CN(CCN1CCOCC1)C(=O)c1cccc(C(=O)Cl)c1.Nc1ccc(N2CCCCC2)cc1C(=O)Nc1nc(-c2cccc(C(F)(F)F)c2)cs1,CN(CCN1CCOCC1)C(=O)c1cccc(C(=O)Nc2ccc(N3CCCCC3)cc2C(=O)Nc2nc(-c3cccc(C(F)(F)F)c3)cs2)c1,train
CNC1C=C(c2ccccc2)c2ccccc2CC1,CNC1CCc2ccccc2C(c2ccccc2)C1,train
CC(C)(C)OC(=O)N1CCC(N2CC[C@@H](Cc3c(Cl)cc(-c4ccc(C(=O)O)cc4)cc3Cl)C2=O)CC1.FC(F)(F)C1CCNCC1,CC(C)(C)OC(=O)N1CCC(N2CC[C@@H](Cc3c(Cl)cc(-c4ccc(C(=O)N5CCC(C(F)(F)F)CC5)cc4)cc3Cl)C2=O)CC1,train
CCC(CC)(c1ccc(O)c(C)c1)c1ccc(CCC(O)C(C)(C)C)c(C)c1.NCCBr,CCC(CC)(c1ccc(CCC(O)C(C)(C)C)c(C)c1)c1ccc(OCCN)c(C)c1,train
CC1CCCN1CCCOc1ccc(-c2nc(CC(=O)N3CCCC3)co2)cc1,CC1CCCN1CCCOc1ccc(-c2nc(CCN3CCCC3)co2)cc1,train
COc1nc(NCCN(C)C(=O)OC(C)(C)C)nc(OC)c1N.Cc1ccc(C(C)(C)C)cc1Oc1nc(C(=O)O)co1,COc1nc(NCCN(C)C(=O)OC(C)(C)C)nc(OC)c1NC(=O)c1coc(Oc2cc(C(C)(C)C)ccc2C)n1,train
COC(=O)c1cc(N)ccc1OC(c1ccccc1)c1ccc(C(F)(F)F)cc1.COc1ccc(N=C=O)cc1OC,COC(=O)c1cc(NC(=O)Nc2ccc(OC)c(OC)c2)ccc1OC(c1ccccc1)c1ccc(C(F)(F)F)cc1,train
N[C@H]1CCCCN(c2ccccc2)C1=O.O=C(O)[C@H](CC[C@H](Cc1ccc(F)cc1)C(=O)O)Cc1ccc(F)cc1,O=C(O)[C@H](CC[C@H](Cc1ccc(F)cc1)C(=O)N[C@H]1CCCCN(c2ccccc2)C1=O)Cc1ccc(F)cc1,train
CCOC(=O)C(=O)N1CCN(C(=O)CC(O)C[C@H]2O[C@H](c3cccc(OC)c3OC)c3cc(Cl)ccc3-n3cccc32)CC1,COc1cccc([C@H]2O[C@H](CC(O)CC(=O)N3CCN(C(=O)C(=O)O)CC3)c3cccn3-c3ccc(Cl)cc32)c1OC,train
CC1(C)CCCC2(C1)CC2(C)C(=O)O.CCOC(=O)CO,CCOC(=O)COC(=O)C1(C)CC12CCCC(C)(C)C2,train
COCCN(CCOC)CC(=O)OCc1ccccc1,COCCN(CCOC)CC(=O)O,train
COc1ccc(F)c(C=O)c1OC,COc1ccc(F)c(C=O)c1O,train
CN(C)C=O.COc1ccc([N+](=O)[O-])c(C(=O)O)c1,COc1ccc([N+](=O)[O-])c(C(N)=O)c1,train
Cc1ccc(OCCBr)cc1.NCC1CCNCC1,Cc1ccc(OCCN2CCC(CN)CC2)cc1,train
OCc1cc2cc(OCc3ccccc3)cnc2[nH]1,O=Cc1cc2cc(OCc3ccccc3)cnc2[nH]1,train
COc1cc(C(=O)N2Cc3ccccc3C[C@H]2CN2CCOCC2)c(-c2cc(C(=O)N(c3ccccc3)c3cnc4c(ccn4C)c3)c(C)n2C)cc1F,Cc1c(C(=O)N(c2ccccc2)c2cnc3c(ccn3C)c2)cc(-c2cc(F)c(O)cc2C(=O)N2Cc3ccccc3C[C@H]2CN2CCOCC2)n1C,train
CCC(CC)c1ccc(Cl)c2nc3n(c12)CCN3c1ccc(Cl)cc1Br.N#C[Cu],CCC(CC)c1ccc(Cl)c2nc3n(c12)CCN3c1ccc(Cl)cc1C#N,train
CCCCCCCCC(NC1CSc2ccccc2N(CC(=O)OC(C)(C)C)C1=O)C(=O)OCC,CCCCCCCCC(NC1CSc2ccccc2N(CC(=O)O)C1=O)C(=O)OCC,train
Cc1[nH]c(C=O)c(C)c1C(=O)NCCCN(C)C.O=C1Cc2ccc(-c3cccnc3)cc2N1,Cc1[nH]c(C=C2C(=O)Nc3cc(-c4cccnc4)ccc32)c(C)c1C(=O)NCCCN(C)C,train
CCc1[nH]n(C2CCCC2)c2nc(CO)nc(=O)c1-2.CS(=O)(=O)Cl,CCc1[nH]n(C2CCCC2)c2nc(COS(C)(=O)=O)nc(=O)c1-2,train
CC1CN(Cc2ccccc2)CC(CC(=O)c2ccc(Cl)cc2)C1=O.Nc1ccc(Cl)cc1,CC1CN(Cc2ccccc2)Cc2cc(-c3ccc(Cl)cc3)n(-c3ccc(Cl)cc3)c21,train
O=c1c2cc(Cl)ncc2ccc2ncc(Cl)cc12,OC1c2cc(Cl)ncc2C=Cc2ncc(Cl)cc21,train
CC(C)c1[nH]nc(C(N)=O)c1[N+](=O)[O-],CC(C)c1[nH]nc(C(N)=O)c1N,train
COc1ccccc1N1CCN(CCCCNC(=O)c2cc3ccccc3[nH]2)CC1,O=C(NCCCCN1CCN(c2ccccc2O)CC1)c1cc2ccccc2[nH]1,train
COC(=O)Cc1ccc(OCc2ccc(OC)cc2)c(Cl)c1,COc1ccc(COc2ccc(CCO)cc2Cl)cc1,train
NCCc1ccc(F)cc1.O=C(Cl)OCc1ccccc1,O=C(NCCc1ccc(F)cc1)OCc1ccccc1,train
COC(=O)c1ccc2c(n1)CCN2c1cc(O[C@H]2CCN(C(=O)OC3(C)CC3)C[C@H]2F)ncn1,CC1(OC(=O)N2CC[C@H](Oc3cc(N4CCc5nc(C(=O)O)ccc54)ncn3)[C@H](F)C2)CC1,train
CC(C)(C)OC(=O)N1CCN(c2ccnc3ccc(C=O)cc23)CC1.O=C1CSC(Nc2c(Cl)cccc2Cl)=N1,CC(C)(C)OC(=O)N1CCN(c2ccnc3ccc(/C=C4\SC(Nc5c(Cl)cccc5Cl)=NC4=O)cc23)CC1,train
NC(=O)c1cccc(B(O)O)c1.O=C1[C@@H](NS(=O)(=O)c2ccc3cc(Cl)ccc3c2)CCN1c1ccc(I)cc1F,NC(=O)c1cccc(-c2ccc(N3CC[C@H](NS(=O)(=O)c4ccc5cc(Cl)ccc5c4)C3=O)c(F)c2)c1,train
CCOC(=O)c1cn2c(cc1=O)-c1cc(OC)c(OCCCOC)cc1CC2C(C)(C)C,COCCCOc1cc2c(cc1OC)-c1cc(=O)c(C(=O)O)cn1C(C(C)(C)C)C2,train
CCOC(=O)c1cc(OC)c2c3c(c(=O)n(COC)c2c1)CCCN3,COCn1c(=O)c2c(c3c(OC)cc(CO)cc31)NCCC2,train
CCOC(=O)C=CC1CCSCC1,CCOC(=O)CCC1CCSCC1,train
CC(C)(C)OC(=O)N1CCC(c2ccc(CO)nc2)CC1.Cc1cc([N+](=O)[O-])cc2cc[nH]c12,Cc1cc([N+](=O)[O-])cc2ccn(Cc3ccc(C4CCN(C(=O)OC(C)(C)C)CC4)cn3)c12,train
NCCc1ccc(O)cc1.O=C(O)c1cc(-c2ccc(Cl)cc2Cl)n[nH]1,O=C(NCCc1ccc(O)cc1)c1cc(-c2ccc(Cl)cc2Cl)n[nH]1,train
Brc1cccnc1.C=CCC(CCCC#N)CCC(=O)OCC,CCOC(=O)CCC(CC=Cc1cccnc1)CCCC#N,train
CC(C)n1nccc1-c1cc2c(=O)n(NS(C)(=O)=O)c(=O)[nH]c2cc1C(F)F.CCC(=O)Cl,CCC(=O)N(n1c(=O)[nH]c2cc(C(F)F)c(-c3ccnn3C(C)C)cc2c1=O)S(C)(=O)=O,train
COC(=O)C(C)Oc1cccc(C=O)c1,COC(=O)C(C)Oc1cccc(CO)c1,train
COc1cccc(CCNS(=O)(=O)C(F)(F)F)c1,O=S(=O)(NCCc1cccc(O)c1)C(F)(F)F,train
CCOC(=O)Cc1ccc(B2OC(C)(C)C(C)(C)O2)cc1.Cc1noc(-c2ccc(Br)cc2)c1NC(=O)OC(C)c1cc(F)ccc1F,CCOC(=O)Cc1ccc(-c2ccc(-c3onc(C)c3NC(=O)OC(C)c3cc(F)ccc3F)cc2)cc1,train
COC(=O)C(C)(C)c1ccc(C(=O)Nc2ccc(Cl)cc2C(=O)Nc2ccc(Cl)cn2)cc1,CC(C)(CO)c1ccc(C(=O)Nc2ccc(Cl)cc2C(=O)Nc2ccc(Cl)cn2)cc1,train
CCOC(=O)Cc1ccc(C)c(O)c1.Cc1cccc(C)c1CCl,CCOC(=O)Cc1ccc(C)c(OCc2c(C)cccc2C)c1,train
CCOC(=O)c1cc(Oc2ccc(S(C)(=O)=O)cc2)c2cn(CC)nc2c1,CCn1cc2c(Oc3ccc(S(C)(=O)=O)cc3)cc(C(=O)O)cc2n1,train
CS(=O)(=O)Cl.Cc1ccc(C(NC(=O)Cc2ccc3oc(C(N)c4c(C)noc4C)cc3c2)c2ccccc2)c(C)c1,Cc1ccc(C(NC(=O)Cc2ccc3oc(C(NS(C)(=O)=O)c4c(C)noc4C)cc3c2)c2ccccc2)c(C)c1,train
CNc1cc(-c2nnc(N(C[C@H](Cc3ccc(C(F)(F)F)cc3)NC(=O)OC(C)(C)C)C(=O)OC(C)(C)C)s2)ccc1N.O=C(n1ccnc1)n1ccnc1,Cn1c(=O)[nH]c2ccc(-c3nnc(N(C[C@H](Cc4ccc(C(F)(F)F)cc4)NC(=O)OC(C)(C)C)C(=O)OC(C)(C)C)s3)cc21,train
Cc1ccc2nc(N3CCS(=O)(=O)c4ccccc4C3)cc(NC(=O)C(C)(C)N=[N+]=[N-])c2c1,Cc1ccc2nc(N3CCS(=O)(=O)c4ccccc4C3)cc(NC(=O)C(C)(C)N)c2c1,train
O=[N+]([O-])c1cnc(OCC2CC2)c(Br)c1,Nc1cnc(OCC2CC2)c(Br)c1,train
CC(C)(C)OC(=O)N1CC(c2ccc(Nc3ncc(F)c4nn(-c5c(Cl)cccc5C#N)cc34)nc2)C1,N#Cc1cccc(Cl)c1-n1cc2c(Nc3ccc(C4CNC4)cn3)ncc(F)c2n1,train
CCn1ccc2c(C=O)cccc21.CN,CCn1ccc2c(CNC)cccc21,train
CN1CCC(O)CC1.Fc1cc(F)cc(Br)c1,CN1CCC(Oc2cc(F)cc(Br)c2)CC1,train
CCCCc1nc2c(C)cc(NC(=O)C(C)C)cc2n1Cc1ccc(-c2ccccc2C(=O)OC(C)(C)C)cc1,CCCCc1nc2c(C)cc(NC(=O)C(C)C)cc2n1Cc1ccc(-c2ccccc2C(=O)O)cc1,train
CC(C)(C)OC(=O)NC[C@@H](O)CP(=O)(CC1CCCCC1)OC1OC(=O)c2ccccc21,NC[C@@H](O)CP(=O)(CC1CCCCC1)OC1OC(=O)c2ccccc21,train
Clc1ncnc2sccc12.O=[N+]([O-])c1ccc(O)cc1,O=[N+]([O-])c1ccc(Oc2ncnc3sccc23)cc1,train
COC(=O)c1ccc(N)c(I)c1.C[Si](C)(C)C#CC1CCCCC1,COC(=O)c1ccc2[nH]c([Si](C)(C)C)c(C3CCCCC3)c2c1,train
Clc1nc(Nc2cc(C3CC3)n[nH]2)c2ccccc2n1.[Mg+]Cc1ccccc1,c1ccc(Cc2nc(Nc3cc(C4CC4)n[nH]3)c3ccccc3n2)cc1,train
CC(C)(C)OC(=O)N1CCc2nc(N3CC[C@H](N)C3=O)sc2C1.O=S(=O)(Cl)/C=C/c1ccc(Cl)s1,CC(C)(C)OC(=O)N1CCc2nc(N3CC[C@H](NS(=O)(=O)/C=C/c4ccc(Cl)s4)C3=O)sc2C1,train
CC(C)(N=C=O)c1cccc(Br)c1.OCc1ccccc1,CC(C)(NC(=O)OCc1ccccc1)c1cccc(Br)c1,train
COC(=O)C1CCCCCC1=O.COC(=O)c1cc(N)cc(F)c1,COC(=O)c1cc(F)cc2[nH]c3c(c(=O)c12)CCCCC3,train
CC(C)(C(=O)Cl)c1cc(C(F)(F)F)cc(C(F)(F)F)c1.CNc1cnc(Cl)cc1-c1cccnc1C,Cc1ncccc1-c1cc(Cl)ncc1N(C)C(=O)C(C)(C)c1cc(C(F)(F)F)cc(C(F)(F)F)c1,train
CC(C)(C)C[Mg+].CC(C)(C)OC(=O)N1CCc2ccc(Cl)c(SCc3ccc(Br)cn3)c2CC1,CC(C)(C)Cc1ccc(CSc2c(Cl)ccc3c2CCN(C(=O)OC(C)(C)C)CC3)nc1,train
CC1(C)OC(=O)Nc2ccc(OCCCCSc3ccc(C4CCCCC4)cc3)cc21.OO,CC1(C)OC(=O)Nc2ccc(OCCCCS(=O)c3ccc(C4CCCCC4)cc3)cc21,train
ClCC1CN(Cc2ccccc2)CCO1.O=C(c1c[nH]c2cc(Cl)ccc12)N1CCC2(CC1)OCc1ccccc12,O=C(c1cn(CC2CN(Cc3ccccc3)CCO2)c2cc(Cl)ccc12)N1CCC2(CC1)OCc1ccccc12,train
CCOC(=O)c1csc(N2CCN(C(=O)OC(C)(C)C)CC2)n1,CCOC(=O)c1csc(N2CCNCC2)n1,train
COC(OC)c1c(OC(F)F)ccc(F)c1Cl,O=Cc1c(OC(F)F)ccc(F)c1Cl,train
CCOC(=O)C(Cl)C(C)=O.NC(=S)c1cc(O)c2sccc2c1,CCOC(=O)c1sc(-c2cc(O)c3sccc3c2)nc1C,train
CC[O-].CSc1ccccc1Cl,CCOc1ccccc1SC,train
C[C@@H]1CN(C(=O)[C@@](C)(O)C(F)(F)F)[C@@H](C)CN1S(=O)(=O)c1ccc(F)cc1.NCCO,C[C@@H]1CN(C(=O)[C@@](C)(O)C(F)(F)F)[C@@H](C)CN1S(=O)(=O)c1ccc(NCCO)cc1,train
C=CCC(O)(Cn1cc([N+](=O)[O-])nc1Cl)c1ccc(Br)cc1,C=CCC1(c2ccc(Br)cc2)Cn2cc([N+](=O)[O-])nc2O1,train
CNC1CCOCC1.O=[N+]([O-])c1ccc(Br)nc1,CN(c1ccc([N+](=O)[O-])cn1)C1CCOCC1,train
CC(C)(N)c1ncon1.O=C(O)c1ccc(Cl)c(OCC2CC2)n1,CC(C)(NC(=O)c1ccc(Cl)c(OCC2CC2)n1)c1ncon1,train
CC(C)(C)OC(=O)OC(=O)OC(C)(C)C.CC(C)(C)[Si](C)(C)O[C@@H]1C[C@H]2CNCC(C(c3ccccc3)c3ccccc3)N2C1,CC(C)(C)OC(=O)N1CC(C(c2ccccc2)c2ccccc2)N2C[C@H](O[Si](C)(C)C(C)(C)C)C[C@H]2C1,train
N#Cc1ccc(F)c(F)c1.Oc1ccc2c(c1)CCN(C1CCC1)CC2,N#Cc1ccc(Oc2ccc3c(c2)CCN(C2CCC2)CC3)c(F)c1,train
O=[N+]([O-])c1ccc(Oc2ncnc3cc(-c4ccccc4)[nH]c23)c(F)c1,Nc1ccc(Oc2ncnc3cc(-c4ccccc4)[nH]c23)c(F)c1,train
CC(C)N1Cc2c(NCc3cnc4ccccc4c3)nc(Cl)nc2C1=O.C[C@H]1CNCCN1C(=O)OC(C)(C)C,CC(C)N1Cc2c(NCc3cnc4ccccc4c3)nc(N3CCN(C(=O)OC(C)(C)C)[C@@H](C)C3)nc2C1=O,train
COc1ccc(Cc2nn3c(C(CCCc4ccccc4)C(C)=O)nc(C)c3c(=O)[nH]2)cc1,COc1ccc(Cc2nn3c(C(CCCc4ccccc4)C(C)O)nc(C)c3c(=O)[nH]2)cc1,train
CCC(C)(C)c1cc(-c2ccc(C=O)cn2)ccc1O.O=C1CSC(=O)N1,CCC(C)(C)c1cc(-c2ccc(C=C3SC(=O)NC3=O)cn2)ccc1O,train
CNC.Cc1ccc(NC(=O)c2cccc(C(C)(C)C#N)c2)cc1NC(=O)c1cccc(Br)n1,Cc1ccc(NC(=O)c2cccc(C(C)(C)C#N)c2)cc1NC(=O)c1cccc(N(C)C)n1,train
Cc1c(C(=O)O)nc(-c2ccc(N)nc2)nc1-c1ccnn1C.Cc1cc(C)c(CN)c(=O)[nH]1,Cc1cc(C)c(CNC(=O)c2nc(-c3ccc(N)nc3)nc(-c3ccnn3C)c2C)c(=O)[nH]1,train
CN(C)CCCO.Cc1cc(O)ccc1-c1noc(-c2ccc(OC(C)C)c(Cl)c2)n1,Cc1cc(OCCCN(C)C)ccc1-c1noc(-c2ccc(OC(C)C)c(Cl)c2)n1,train
C1CNCCNC1.FC(F)(F)c1ccc(Cl)nc1,FC(F)(F)c1ccc(N2CCCNCC2)nc1,train
CC(C)(C)OC(=O)NCCO.CC(C)c1c(O)noc1-c1ccccc1Cl,CC(C)c1c(OCCNC(=O)OC(C)(C)C)noc1-c1ccccc1Cl,val
CC(C)c1nnc2ccc(Sc3ccccc3CN=[N+]=[N-])cn12,CC(C)c1nnc2ccc(Sc3ccccc3CN)cn12,val
C1COCCN1.NC(=O)[C@@H](CCC(=O)OCc1ccccc1)N1Cc2c(OCc3ccc(CBr)cc3)cccc2C1=O,NC(=O)C(CCC(=O)OCc1ccccc1)N1Cc2c(OCc3ccc(CN4CCOCC4)cc3)cccc2C1=O,val
Cc1cccc2c1c(Cn1c(=O)n(C3=C(C(=O)O)CCC3)c3ccccc31)cn2C,Cc1cccc2c1c(Cn1c(=O)n(C3CCCC3C(=O)O)c3ccccc31)cn2C,val
O=C(NO)c1cc2ccn(Cc3ccc(F)cc3F)c2cn1,O=C(NO)c1cc2ccn(Cc3ccc(F)cc3)c2cn1,val
COc1cc(-c2nnc(C)[nH]2)ccc1[N+](=O)[O-],COc1cc(-c2nnc(C)[nH]2)ccc1N,val
BrC=C(c1ccccc1)c1ccccc1.CN1CCc2c([nH]c3ccc(Cl)cc23)C1,CN1CCc2c(n(C=C(c3ccccc3)c3ccccc3)c3ccc(Cl)cc23)C1,val
O=C(CBr)C1COc2ccccc2O1,OC(CBr)C1COc2ccccc2O1,val
CC(C)(N)C(=O)OC1CCCC1.O=C(O)c1cccc(B(O)O)c1,CC(C)(NC(=O)c1cccc(B(O)O)c1)C(=O)OC1CCCC1,val
CC1(C)OB(c2cnc(N)c(-c3nnnn3-c3cccc(F)c3F)c2)OC1(C)C.CCOC(=O)N1CCc2cc(Br)sc2CC1,CCOC(=O)N1CCc2cc(-c3cnc(N)c(-c4nnnn4-c4cccc(F)c4F)c3)sc2CC1,val
CCOC(=O)c1ccc(NC(=O)OC(C)(C)C)nc1,CC(C)(C)OC(=O)Nc1ccc(CO)cn1,val
CC(=O)c1cc(C)c(Oc2nc(Cl)nc3ccn(Cc4ccccc4)c23)c(C)c1.N#Cc1ccc(N)cc1,CC(=O)c1cc(C)c(Oc2nc(Nc3ccc(C#N)cc3)nc3ccn(Cc4ccccc4)c23)c(C)c1,val
COc1ccncc1-c1cnc2c(c1)CCCN2C(=O)OC(C)(C)C,COc1ccncc1-c1cnc2c(c1)CCCN2,val
Cc1ccc2c(N3CCN(CCc4cccc([N+](=O)[O-])c4)CC3)c(F)ccc2n1,Cc1ccc2c(N3CCN(CCc4cccc(N)c4)CC3)c(F)ccc2n1,val
Cc1ccc(N2CCOCC2)cc1N1CCNCC1=O.O=C(Cl)c1cccc(C(F)(F)F)c1Cl,Cc1ccc(N2CCOCC2)cc1N1CCN(C(=O)c2cccc(C(F)(F)F)c2Cl)CC1=O,val
CCCC1CC(NC(C)=O)c2cc(S(N)(=O)=O)sc2S1(=O)=O,CCC[C@H]1C[C@H](NCC)c2cc(S(N)(=O)=O)sc2S1(=O)=O,val
Nc1ccc(OCc2ccccn2)cc1.O=C(O)c1cccc2c1Cc1ccccc1-2,O=C(Nc1ccc(OCc2ccccn2)cc1)c1cccc2c1Cc1ccccc1-2,val
N#CCOc1ccc(Nc2nc(-c3ccccc3Cl)cs2)cc1.[N-]=[N+]=[N-],Clc1ccccc1-c1csc(Nc2ccc(OCc3nnn[nH]3)cc2)n1,val
Nc1c(NCCCCl)c(=O)c1=O.Oc1cccc(CN2CCCCC2)c1,Nc1c(NCCCOc2cccc(CN3CCCCC3)c2)c(=O)c1=O,val
Cc1c(C2CC2)cc(Cl)c(=O)n1CCc1ccc(C(=O)OC(C)(C)C)cc1.O=C1CCC(=O)N1Br,CC(C)(C)OC(=O)c1ccc(CCn2c(CBr)c(C3CC3)cc(Cl)c2=O)cc1,val
CCOC(=O)c1cnc2ccsc2c1Cl,O=C(O)c1cnc2ccsc2c1Cl,val
CCN(CC)C(=O)CCCCl.CCN(CC)CCNC(=O)c1cc(Cl)c(N)cc1O,CCN(CC)CCNC(=O)c1cc(Cl)c(N)cc1OCCCC(=O)N(CC)CC,val
COc1cnc(OC)n2nc(N)nc12.COc1nccc(C(F)(F)F)c1S(=O)(=O)Cl,COc1nccc(C(F)(F)F)c1S(=O)(=O)Nc1nc2c(OC)cnc(OC)n2n1,val
CC(C)C(=O)O.CNc1c(N)cnc2ccccc12,CC(C)c1nc2cnc3ccccc3c2n1C,val
C#Cc1ccc(C2(N(Cc3ccccc3)Cc3ccccc3)CC2)cc1.CCOC(=O)c1ccc(I)cc1,CCOC(=O)c1ccc(C#Cc2ccc(C3(N(Cc4ccccc4)Cc4ccccc4)CC3)cc2)cc1,val
Cc1ccc(S(=O)(=O)OCC2Cc3cc(F)cc(Br)c3O2)cc1.OB(O)c1ccccc1Cl,Cc1ccc(S(=O)(=O)OCC2Cc3cc(F)cc(-c4ccccc4Cl)c3O2)cc1,val
COc1ccc(C=O)cc1.O=[N+]([O-])c1ccc2c(c1)OCCN2,COc1ccc(CN2CCOc3cc([N+](=O)[O-])ccc32)cc1,val
O=C1c2c(OCc3ccccc3)c(=O)nc(CC3(n4ccc5cccnc54)CCCC3)n2CCN1C1COC1,O=C1c2c(O)c(=O)nc(CC3(n4ccc5cccnc54)CCCC3)n2CCN1C1COC1,val
N#Cc1ccc(O)cc1.O=[N+]([O-])c1ccc(F)c(Br)c1,N#Cc1ccc(Oc2ccc([N+](=O)[O-])cc2Br)cc1,val
C1CNC1.O=C(Nc1ccc(CNc2nc(Cl)nc3ccccc23)cc1)c1ccc(F)cc1,O=C(Nc1ccc(CNc2nc(N3CCC3)nc3ccccc23)cc1)c1ccc(F)cc1,val
Nc1ccc(S)cc1.O=[N+]([O-])c1cc(OCc2cnc(Cl)s2)ccc1Cl,Nc1ccc(Sc2ccc(OCc3cnc(Cl)s3)cc2[N+](=O)[O-])cc1,val
Cc1cc(CNC(=O)c2nc3n(c(=O)c2O)CCN(C(=O)OC(C)(C)C)CC3N(C)C(=O)C(=O)N(C)C)ccc1F,Cc1cc(CNC(=O)c2nc3n(c(=O)c2O)CCNCC3N(C)C(=O)C(=O)N(C)C)ccc1F,val
CCN(CC)CCN.O=C1Nc2ccccc2C1=C1OCc2cc(C(=O)O)ccc21,CCN(CC)CCNC(=O)c1ccc2c(c1)COC2=C1C(=O)Nc2ccccc21,val
CCCCCC[C@@H]1CCc2cc(C3CCC(N)(C(=O)OC)C3)ccc2C1,CCCCCC[C@@H]1CCc2cc(C3CCC(N)(CO)C3)ccc2C1,val
Cc1nc(C(F)(F)F)c2n1C(C(=O)Nc1cnn(-c3ccc(Cl)cc3)c1C(C)C)CC=C2,Cc1nc(C(F)(F)F)c2n1C(C(=O)Nc1cnn(-c3ccc(Cl)cc3)c1C(C)C)CCC2,val
CC(N)c1ccc(F)cc1.Clc1cncc(Cl)n1,CC(Nc1cncc(Cl)n1)c1ccc(F)cc1,val
COC[C@@H](NC(N)=O)c1ccccc1.Cn1cc(-c2nn(C(c3ccccc3)(c3ccccc3)c3ccccc3)c3cc(Cl)ncc23)cn1,COC[C@@H](NC(=O)Nc1cc2c(cn1)c(-c1cnn(C)c1)nn2C(c1ccccc1)(c1ccccc1)c1ccccc1)c1ccccc1,val
COC(=O)C(=O)c1c(-c2ccc(Cl)c(S(=O)(=O)NC3CCCCC3)c2)[nH]c2c(Cl)cccc12,COC(=O)Cc1c(-c2ccc(Cl)c(S(=O)(=O)NC3CCCCC3)c2)[nH]c2c(Cl)cccc12,val
COc1ccc2c(C(C)=O)cc(=O)oc2c1.NN,COc1ccc2c(C(C)=NN)cc(=O)oc2c1,val
Nc1cccc(F)c1F.O=C(Br)CBr,O=C(CBr)Nc1cccc(F)c1F,val
O=C(O)c1ccc(Cl)nc1.OC1CCCCC1,O=C(O)c1ccc(OC2CCCCC2)nc1,val
CCOC(=O)/C(F)=C(/CC)c1cc2c(cc1OCOC)C(C)(C)CCC2(C)C,CC/C(=C(\F)CO)c1cc2c(cc1OCOC)C(C)(C)CCC2(C)C,val
CC(C)C(=O)NC1CCc2c(c3cc(Br)ccc3n2Cc2cccc(F)c2)C1.CNC,CC(C)C(=O)NC1CCc2c(c3cc(N(C)C)ccc3n2Cc2cccc(F)c2)C1,val
COc1ccc(Nc2nc(Cl)ncc2Cl)cc1/C=C/c1cncc(N)c1,COc1ccc(Nc2nc(Cl)ncc2Cl)cc1CCc1cncc(N)c1,val
Cc1cc(-c2ccc(C(F)(F)F)cc2)cc(-c2cccc(-c3cccc(S(=O)(=O)Cl)c3)n2)n1.OC1CNC1,Cc1cc(-c2ccc(C(F)(F)F)cc2)cc(-c2cccc(-c3cccc(S(=O)(=O)N4CC(O)C4)c3)n2)n1,val
COC(=O)c1scc(C)c1Nc1c(Cl)cccc1Cl,Cc1csc(C(=O)O)c1Nc1c(Cl)cccc1Cl,val
O=C(O)C(F)(F)F.c1ccc(CN2CCNC3(CC3)C2)cc1,O=C(N1CCN(Cc2ccccc2)CC12CC2)C(F)(F)F,val
COC(=O)c1ccc(COC(c2ccc(C#N)c(-c3ccccc3C)c2)c2cncn2C)cc1,Cc1ccccc1-c1cc(C(OCc2ccc(C(=O)O)cc2)c2cncn2C)ccc1C#N,val
CCOC(=O)N1CCn2c(nc(-c3ccncc3)cc2=O)C(N)C1.COc1ccc(C(=O)O)c(OC)c1,CCOC(=O)N1CCn2c(nc(-c3ccncc3)cc2=O)C(NC(=O)c2ccc(OC)cc2OC)C1,val
C#Cc1cc(O)c2c(c1)C(C)(C)CCC2=O.COC(=O)Cc1ccc(I)cc1,COC(=O)Cc1ccc(C#Cc2cc(O)c3c(c2)C(C)(C)CCC3=O)cc1,val
COC(=O)C(Br)c1ccc(OCCCOc2ccc(Cl)cc2)cc1.Oc1ccc(Oc2ccccc2)cc1,COC(=O)C(Oc1ccc(Oc2ccccc2)cc1)c1ccc(OCCCOc2ccc(Cl)cc2)cc1,val
CC(=O)OC(C)C.Nc1cc(Br)cnc1Cl,CC(C)Nc1cc(Br)cnc1Cl,val
COc1ccc(-c2nn(C(C)C)c3c(Cl)cccc23)cc1,CC(C)n1nc(-c2ccc(O)cc2)c2cccc(Cl)c21,val
O=c1cc(COC2CCCCO2)occ1OCCCCBr.c1ccc2[nH]ccc2c1,O=c1cc(COC2CCCCO2)occ1OCCCCn1ccc2ccccc21,val
CCN.C[C@H](Nc1nccc(-n2cnc3ccccc32)n1)c1cccc(C(=O)O)c1,CCNC(=O)c1cccc([C@H](C)Nc2nccc(-n3cnc4ccccc43)n2)c1,val
N#Cc1ccc(COCCBr)cc1.O=C(O[C@H]1CN2CCC1CC2)C1(c2ccccc2)CCCCCC1,N#Cc1ccc(COCC[N+]23CCC(CC2)[C@@H](OC(=O)C2(c4ccccc4)CCCCCC2)C3)cc1,val
CC(C)(C)OC(=O)NCC(N)=S.CCOC(=O)C(=O)CBr,CCOC(=O)c1csc(CNC(=O)OC(C)(C)C)n1,val
O=C(C1CC1)N1CC[C@@H](CNc2cc(C(F)(F)F)ccc2[N+](=O)[O-])C1,Nc1ccc(C(F)(F)F)cc1NC[C@@H]1CCN(C(=O)C2CC2)C1,val
N#CCN.O=C(O)C12CC3CC(C1)C(n1c(=O)[nH]c4cnc5[nH]ccc5c41)C(C3)C2,N#CCNC(=O)C12CC3CC(C1)C(n1c(=O)[nH]c4cnc5[nH]ccc5c41)C(C3)C2,val
Nc1ncc(Br)cn1.OB(O)c1ccccc1F,Nc1ncc(-c2ccccc2F)cn1,val
COc1ccc(CN2C(=O)CN(c3ccc(C[C@H](NC(=O)[C@H](Cc4ccccc4)NC(C)=O)C(=O)OCc4ccccc4)cc3)S2(=O)=O)cc1,COc1ccc(CN2C(=O)CN(c3ccc(C[C@H](NC(=O)[C@H](Cc4ccccc4)NC(C)=O)C(=O)O)cc3)S2(=O)=O)cc1,val
CNC(=O)[C@H](Cc1csc2ccccc12)NC(=O)OC(C)(C)C,CNC(=O)[C@@H](N)Cc1csc2ccccc12,val
CCOC(=O)C1CCNCC1.Cc1nc(Cl)c2c(n1)N(c1c(C)cc(Br)cc1C)C(=O)C2C,CCOC(=O)C1CCN(c2nc(C)nc3c2C(C)C(=O)N3c2c(C)cc(Br)cc2C)CC1,val
COC(=O)Nc1ccc(CCOS(C)(=O)=O)cc1.O=Cc1ccc(O)cc1,COC(=O)Nc1ccc(CCOc2ccc(C=O)cc2)cc1,val
Cn1cc(B2OC(C)(C)C(C)(C)O2)cn1.O=C(O)CCOCCc1cccc(Br)c1,Cn1cc(-c2cccc(CCOCCC(=O)O)c2)cn1,val
Cc1ccc(S(=O)(=O)N[C@@H](Cc2ccc(OCCCC(=O)NC3=NCCCN3)cc2)C(=O)OC(C)(C)C)cc1,Cc1ccc(S(=O)(=O)N[C@@H](Cc2ccc(OCCCC(=O)NC3=NCCCN3)cc2)C(=O)O)cc1,val
O=Cc1cccc(O)c1Cl,OCc1cccc(O)c1Cl,val
O=C(OC[C@H]1CCC[C@H](OC(CBr)c2ccc(Cl)cc2Cl)O1)c1ccccc1.c1c[nH]cn1,O=C(OC[C@H]1CCC[C@H](OC(Cn2ccnc2)c2ccc(Cl)cc2Cl)O1)c1ccccc1,val
CN(C(=O)OC(C)(C)C)[C@@H](CO)Cc1ccccc1,CN(C(=O)OC(C)(C)C)[C@@H](C=O)Cc1ccccc1,val
CSCC[C@H](N)C(=O)O.Nc1ccc(C(=O)O)cc1,CSCC[C@H](NC(=O)c1ccc(N)cc1)C(=O)O,val
COC(=O)CC(=O)OC.Nc1cc(F)cc(F)c1,COC(=O)CC(=O)Nc1cc(F)cc(F)c1,val
CC(=O)N[C@H]1CCCNC1.O=C(O)c1ccc(Br)cc1NC1(Cc2cccc(Cl)c2)C(=O)Nc2cc(Cl)ccc21,CC(=O)N[C@H]1CCCN(C(=O)c2ccc(Br)cc2NC2(Cc3cccc(Cl)c3)C(=O)Nc3cc(Cl)ccc32)C1,val
CC(C)(C)OC(=O)N1CCC(NC(=O)c2n[nH]cc2[N+](=O)[O-])CC1,O=C(NC1CCNCC1)c1n[nH]cc1[N+](=O)[O-],val
Cc1cccc(-c2sc(C)nc2C(=O)N2C[C@@H]3C[C@@H]3[C@H]2CN)c1.O=C(O)c1cc(F)cc2c1OCOC2,Cc1cccc(-c2sc(C)nc2C(=O)N2C[C@@H]3C[C@@H]3[C@H]2CNC(=O)c2cc(F)cc3c2OCOC3)c1,val
C[O-].Fc1ccc(F)c(F)n1,COc1nc(F)ccc1F,val
CN.O=C(O)CNc1cccc2c1C(=O)N(C1CCC(=O)NC1=O)C2=O,CNC(=O)CNc1cccc2c1C(=O)N(C1CCC(=O)NC1=O)C2=O,val
C=CCCC1(C)CC(=O)CC(C)(C)N1,C=CCCC1(C)CCCC(C)(C)N1,val
BrCc1ccccc1.CC(C)(C)OC(=O)NCc1cccc(N)c1,CC(C)(C)OC(=O)NCc1cccc(NCc2ccccc2)c1,val
O=C([O-])O.O=C(c1cc(Cl)c(OCc2ccccc2)c(Cl)c1)N1CCSc2ccccc21,O=C(c1cc(Cl)c(OCc2ccccc2)c(Cl)c1)N1CCS(=O)c2ccccc21,val
CC(=O)O[C@@H]1[C@@H](OC(C)=O)[C@@H](Br)SC[C@H]1OC(C)=O.Oc1cccnc1,CC(=O)O[C@@H]1[C@@H](OC(C)=O)[C@H](OC(C)=O)CS[C@H]1Oc1cccnc1,val
CN1CCC(N(C(=O)c2cc(Cl)ccc2F)c2ccccc2[N+](=O)[O-])CC1,CN1CCC(N(C(=O)c2cc(Cl)ccc2F)c2ccccc2N)CC1,val
O=Cc1ccc(-c2ccccc2)c(F)c1,OCc1ccc(-c2ccccc2)c(F)c1,val
CC(C)(C)OC(=O)NC1(c2ccc(C(=O)NN)cn2)CC1.O=C(O)C1CC1,CC(C)(C)OC(=O)NC1(c2ccc(C(=O)NNC(=O)C3CC3)cn2)CC1,val
CCN(CC)C(=O)Nc1cn(C2CCCCO2)nc1-c1nc2cc(F)c(N3CCN(C)CC3)cc2[nH]1,CCN(CC)C(=O)Nc1c[nH]nc1-c1nc2cc(F)c(N3CCN(C)CC3)cc2[nH]1,val
Nc1cccc2c1CNC2.O=C(O)c1cn(-c2ccc(F)cc2)c2c(F)c(F)c(F)cc2c1=O,Nc1cccc2c1CN(c1c(F)cc3c(=O)c(C(=O)O)cn(-c4ccc(F)cc4)c3c1F)C2,val
CNS(=O)(=O)c1cc(F)c(F)c(C(=O)O)c1.FC(F)(F)c1ccc(N2CCNCC2)cc1,CNS(=O)(=O)c1cc(F)c(F)c(C(=O)N2CCN(c3ccc(C(F)(F)F)cc3)CC2)c1,val
C[Si](C)(C)CCOCn1ccc2c(-c3cnn(C4(CC#N)CN(C5CCNCC5)C4)c3)ncnc21.O=C=Nc1ccc(F)cc1C(F)(F)F,C[Si](C)(C)CCOCn1ccc2c(-c3cnn(C4(CC#N)CN(C5CCN(C(=O)Nc6ccc(F)cc6C(F)(F)F)CC5)C4)c3)ncnc21,val
C[C@H](c1cccc2ccccc12)N(CC1CN(C(=O)C(F)(F)F)CCC1c1ccccc1F)C(=O)OC(C)(C)C,C[C@H](c1cccc2ccccc12)N(CC1CNCCC1c1ccccc1F)C(=O)OC(C)(C)C,val
C#CCc1ccccc1.Nc1ncccc1I,Nc1ncccc1C#CCc1ccccc1,val
CC(C)c1nc(-c2cccc(N)c2)c(-c2ccnc(Cl)n2)s1.O=S(=O)(Cl)c1cccc(F)c1,CC(C)c1nc(-c2cccc(NS(=O)(=O)c3cccc(F)c3)c2)c(-c2ccnc(Cl)n2)s1,val
CCN1CCC(N)CC1.COc1ccc2nc3cc(Cl)ccc3c(Cl)c2c1,CCN1CCC(Nc2c3ccc(Cl)cc3nc3ccc(OC)cc23)CC1,val
CCOC(=O)c1nc(Br)c2nc(-c3ccc(F)cc3)sc2c1O.CN(C)C=O,CCOC(=O)c1nc(C)c2nc(-c3ccc(F)cc3)sc2c1O,val
CC(C)[Mg+].CON(C)C(=O)c1oc(C)nc1C,Cc1nc(C)c(C(=O)C(C)C)o1,val
Cc1cc(C)nc(N2CC3CNCC3C2)n1.Cc1noc(-c2cccc(F)c2C(=O)O)n1,Cc1cc(C)nc(N2CC3CN(C(=O)c4c(F)cccc4-c4nc(C)no4)CC3C2)n1,val
CC(C)n1cc(I)nc1C1CC1.Cc1cc(C#C[Si](C)(C)C)ccn1,Cc1cc(C#Cc2cn(C(C)C)c(C3CC3)n2)ccn1,val
CN(C)CCN1CC(C(=O)O)CC1=O.Nc1cc(Cl)cc2c1[nH]c1cnccc12,CN(C)CCN1CC(C(=O)Nc2cc(Cl)cc3c2[nH]c2cnccc23)CC1=O,val
CC(C)(C)OC(=O)N[C@@H]1CC[C@@H](CO)OC1.COc1ccc2ncc(Cl)c(O)c2c1,COc1ccc2ncc(Cl)c(OC[C@@H]3CC[C@@H](NC(=O)OC(C)(C)C)CO3)c2c1,val
CC(C)(C)OC(=O)NCc1cccc(C2CCN(C(=O)c3ccc(C#Cc4ccccc4F)o3)CC2)c1,NCc1cccc(C2CCN(C(=O)c3ccc(C#Cc4ccccc4F)o3)CC2)c1,val
O=CCCc1cc(-c2cccc(Oc3ccccc3)c2)no1.c1ccc(N2CCNCC2)cc1,c1ccc(Oc2cccc(-c3cc(CCCN4CCN(c5ccccc5)CC4)on3)c2)cc1,val
CC(C)(C)OC(=O)N1CCC(c2ccc(C(N)=O)cc2)CC1,CC(C)(C)OC(=O)N1CCC(c2ccc(C#N)cc2)CC1,val
CC(C)(C)OC(=O)C1CN(Cc2ccc(-c3noc(-c4noc(-c5ccccc5)c4C(F)(F)F)n3)cc2)C1,O=C(O)C1CN(Cc2ccc(-c3noc(-c4noc(-c5ccccc5)c4C(F)(F)F)n3)cc2)C1,test
CC(C)(C)OC(=O)OC(=O)OC(C)(C)C.O=C(O)[C@@H]1Cc2ccc(O)cc2CN1,CC(C)(C)OC(=O)N1Cc2cc(O)ccc2C[C@H]1C(=O)O,test
CC(c1ccc(B(O)O)cc1)N(C)C.COc1c(F)c(F)c2[nH]c(=O)c3sccc3c2c1Br,COc1c(F)c(F)c2[nH]c(=O)c3sccc3c2c1-c1ccc(C(C)N(C)C)cc1,test
COc1ccc(Cl)c(C)c1.O=C1CCC(=O)N1Br,COc1ccc(Cl)c(CBr)c1,test
CCNCC.CCOC(=O)c1c[nH]c2c1-c1nn(CCOS(C)(=O)=O)cc1CCC2,CCOC(=O)c1c[nH]c2c1-c1nn(CCN(CC)CC)cc1CCC2,test
O=Cc1cc(F)cc(F)c1O.O=c1cc(N2CCNCC2)nc[nH]1,O=c1cc(N2CCN(Cc3cc(F)cc(F)c3O)CC2)nc[nH]1,test
O=[N+]([O-])c1cc(F)c(O)c(F)c1,Nc1cc(F)c(O)c(F)c1,test
CC(C)(C)OC(=O)N1CCC(c2ccc3nc(-c4ccc(S(C)(=O)=O)cc4F)oc3c2)CC1,CS(=O)(=O)c1ccc(-c2nc3ccc(C4CCNCC4)cc3o2)c(F)c1,test
O=S(=O)(Cl)C1CC1.c1cc2c(ncc3[nH]nc(C4CCNCC4)c32)[nH]1,O=S(=O)(C1CC1)N1CCC(c2n[nH]c3cnc4[nH]ccc4c23)CC1,test
C=CCO.C[C@H](CO[Si](C)(C)C(C)(C)C)Nc1nc(SCc2cccc(F)c2F)nc(Cl)c1C=O,C=CCOc1nc(SCc2cccc(F)c2F)nc(N[C@H](C)CO[Si](C)(C)C(C)(C)C)c1C=O,test
CC(C)I.CCc1cc(O)c(OCc2ccccc2)cc1OCCCCCC(C)(C)C#N,CCc1cc(OC(C)C)c(OCc2ccccc2)cc1OCCCCCC(C)(C)C#N,test
CCOC(=O)CCC1=C(C(=O)OC(C)(C)C)SC2=NCCCN21,CCOC(=O)CCC1=C(C(=O)O)SC2=NCCCN21,test
CC(C)(C)OC(=O)OC(=O)OC(C)(C)C.NCc1cccc(Oc2cccc(I)c2)c1,CC(C)(C)OC(=O)NCc1cccc(Oc2cccc(I)c2)c1,test
CCn1nnc(Cn2c(=O)n(C3CCN(C(=O)OC(C)(C)C)CC3)c(=O)c3sc(-c4ccccc4F)cc32)n1,CCn1nnc(Cn2c(=O)n(C3CCNCC3)c(=O)c3sc(-c4ccccc4F)cc32)n1,test
CCCn1c(=O)c2[nH]c(C34CCC(CO)(CC3)CC4)nc2n(CCC)c1=O,CCCn1c(=O)c2[nH]c(C34CCC(C=O)(CC3)CC4)nc2n(CCC)c1=O,test
COc1ccc(CCc2cc3c(s2)-n2c(C)nnc2CN=C3c2ccccc2Cl)cc1,Cc1nnc2n1-c1sc(CCc3ccc(O)cc3)cc1C(c1ccccc1Cl)=NC2,test
CC(C)(C)OC(=O)N1CCC(n2cc(Br)c(C=O)n2)CC1.CC1(C)OB(c2cnc(N)c(-c3nc4ccccc4o3)c2)OC1(C)C,CC(C)(C)OC(=O)N1CCC(n2cc(-c3cnc(N)c(-c4nc5ccccc5o4)c3)c(C=O)n2)CC1,test
CCOC(=O)c1cc2cc(Cl)ncc2n1CCCCF,OCc1cc2cc(Cl)ncc2n1CCCCF,test
COC(=O)[C@@H]1[C@@H](O)CCN1C(=O)OC(C)(C)C.O=C(O)c1ccccc1,COC(=O)[C@@H]1[C@H](OC(=O)c2ccccc2)CCN1C(=O)OC(C)(C)C,test
CCC1(O)CCC(NC(=O)OC(C)(C)C)CC1,CCC1(O)CCC(N)CC1,test
CC1CN(c2ccc3ncsc3c2)C(=O)N1.Cc1ccncc1I,Cc1ccncc1N1C(=O)N(c2ccc3ncsc3c2)CC1C,test
CCOC(=O)CCCCCBr.Oc1ccc(I)cc1,CCOC(=O)CCCCCOc1ccc(I)cc1,test
CCOC(=O)CCc1ccc(O)c2ccccc12.Cc1nc(-c2ccc(C(F)(F)F)cc2)ccc1CCl,CCOC(=O)CCc1ccc(OCc2ccc(-c3ccc(C(F)(F)F)cc3)nc2C)c2ccccc12,test
Cc1ccc2c(N3CCN(CCc4cccc(N)c4)CC3)cccc2n1.O=C1NCC(C(=O)O)N1,Cc1ccc2c(N3CCN(CCc4cccc(NC(=O)C5CNC(=O)N5)c4)CC3)cccc2n1,test
Brc1cc2c(I)nn(C3CCCCO3)c2cn1.CC(=O)N1CCNC1=O,CC(=O)N1CCN(c2nn(C3CCCCO3)c3cnc(Br)cc23)C1=O,test
COCCBr.COc1c(C#N)cc2ccccc2c1C(=O)NCC1(c2ccc(Cl)cc2)CCNCC1,COCCN1CCC(CNC(=O)c2c(OC)c(C#N)cc3ccccc23)(c2ccc(Cl)cc2)CC1,test
CC(C)(C)OC(=O)N1CCN(C(=O)SCc2ccc(OCc3ccc(F)cc3)cc2)CC1,O=C(SCc1ccc(OCc2ccc(F)cc2)cc1)N1CCNCC1,test
CCOC(=O)[C@@H]1CC[C@@H](N=[N+]=[N-])[C@@H](NC(=O)OC(C)(C)C)C1,CCOC(=O)[C@@H]1CC[C@@H](N)[C@@H](NC(=O)OC(C)(C)C)C1,test
C#CCOc1cc(Cl)ncn1.Oc1cccc(F)c1,C#CCOc1cc(Oc2cccc(F)c2)ncn1,test
C=CC(=O)N1CCN(c2ncnc3cc(-c4ccccc4F)c(OC)cc23)CC1,C=CC(=O)N1CCN(c2ncnc3cc(-c4ccccc4F)c(O)cc23)CC1,test
NCCc1c[nH]c2ccc(Cl)cc12.O=C(O)c1ccc(Cc2cccc(F)c2)cn1,O=C(NCCc1c[nH]c2ccc(Cl)cc12)c1ccc(Cc2cccc(F)c2)cn1,test
CCOC(=O)C1(c2ccccc2B2OC(C)(C)C(C)(C)O2)CC1.Cc1noc(-c2ccc(Br)cc2)c1C(O)CCCc1ccccc1,CCOC(=O)C1(c2ccccc2-c2ccc(-c3onc(C)c3C(O)CCCc3ccccc3)cc2)CC1,test
CN1CCNCC1.COc1ccc(-c2ccnc3[nH]c(-c4cncc(C(=O)O)c4)nc23)cc1,COc1ccc(-c2ccnc3[nH]c(-c4cncc(C(=O)N5CCN(C)CC5)c4)nc23)cc1,test
CCn1c(=O)ccc2cnc(Nc3ccccc3)cc21,CCN1C(=O)CCc2cnc(Nc3ccccc3)cc21,test
O=C(NCc1ccccn1)c1cc(OCC(F)(F)F)ccc1OCC(F)(F)F,CC(=O)O,test
COC(=O)c1cccc(O)c1.C[C@H](O)C(=O)OCc1ccccc1,COC(=O)c1cccc(O[C@H](C)C(=O)OCc2ccccc2)c1,test
C#CCN(C)C.O=C1c2ccc(Br)cc2CN1Cc1ccc(Oc2ccccc2)cc1,CN(C)CC#Cc1ccc2c(c1)CN(Cc1ccc(Oc3ccccc3)cc1)C2=O,test
COC(=O)c1ccc(F)cc1F.Oc1cnc(Cl)c(F)c1,COC(=O)c1ccc(F)cc1Oc1cnc(Cl)c(F)c1,test
C[C@H]1COCCN1c1cc(C(C)(C)S(=O)(=O)C2CCCC2)nc(-c2ccc(N)cc2)n1.O=C(Cl)Oc1ccccc1,C[C@H]1COCCN1c1cc(C(C)(C)S(=O)(=O)C2CCCC2)nc(-c2ccc(NC(=O)Oc3ccccc3)cc2)n1,test
COC(=O)C1CSC(CC(NC(=O)OC(C)(C)C)C(=O)OCc2ccccc2)N1,COC(=O)C1CSC2CC(NC(=O)OC(C)(C)C)C(=O)N21,test
CCOc1cc(N2CCN(C3CCN(CCF)CC3)CC2)ccc1[N+](=O)[O-],CCOc1cc(N2CCN(C3CCN(CCF)CC3)CC2)ccc1N,test
O=C1N(C(c2ccccc2)c2ccccc2)c2cccc(-c3cnc4ccccc4c3)c2C12COc1cc3c(cc12)OCCO3,O=C1Nc2cccc(-c3cnc4ccccc4c3)c2C12COc1cc3c(cc12)OCCO3,test
CC(=O)CCC(C)=O.Cc1cccc(N)n1,Cc1cccc(-n2c(C)ccc2C)n1,test
CC(=O)Oc1cc(C=O)ccc1OCC1=CC2(CCCC2)CCC1.CCOC(=O)CP(=O)(OCC)OCC,CCOC(=O)/C=C/c1ccc(OCC2=CC3(CCCC3)CCC2)c(OC(C)=O)c1,test
CC(C)I.Cc1ccc2c(c1)NCCC2,Cc1ccc2c(c1)N(C(C)C)CCC2,test
CC(C)c1cccc(C(C)C)c1N=C=O.CCCCCCCCCCCCCCS(N)(=O)=O,CCCCCCCCCCCCCCS(=O)(=O)NC(=O)Nc1c(C(C)C)cccc1C(C)C,test
CCOc1cc(C2OCCO2)cc2c1OC(C)(C)C=C2C(C)(C)O,CCOc1cc(C=O)cc2c1OC(C)(C)C=C2C(C)(C)O,test
Cc1cc(Nc2nc(S(=O)c3ccc(F)cc3)cc3ccccc23)nn1C(=O)OC(C)(C)C,Cc1cc(Nc2nc(S(=O)c3ccc(F)cc3)cc3ccccc23)n[nH]1,test
Cc1cc(F)ccc1[N+](=O)[O-].NCCCn1ccnc1,Cc1cc(NCCCn2ccnc2)ccc1[N+](=O)[O-],test
NCc1cccs1.O=C(O)c1cc2nc(-c3ccc(Br)cc3)cc(C(F)(F)F)n2n1,O=C(NCc1cccs1)c1cc2nc(-c3ccc(Br)cc3)cc(C(F)(F)F)n2n1,test
CCOC(=O)c1cc2ccc(C)c(N)c2[nH]1.O=S(=O)(Cl)c1cccs1,CCOC(=O)c1cc2ccc(C)c(NS(=O)(=O)c3cccs3)c2[nH]1,test
COC(=O)c1cc2c3cc(Cl)ccc3n(C)c2s1,Cn1c2ccc(Cl)cc2c2cc(C(=O)O)sc21,test
COc1cc(OC)nc(OCCn2cc([N+](=O)[O-])cn2)n1,COc1cc(OC)nc(OCCn2cc(N)cn2)n1,test
Cc1ccc(S(=O)(=O)Cl)cc1.O=C1N[C@@H](Cc2ccccc2)[C@@H](CO)O1,Cc1ccc(S(=O)(=O)OC[C@H]2OC(=O)N[C@H]2Cc2ccccc2)cc1,test
BrCc1ccccc1.Sc1nnc(-c2ccc3c(c2)OCO3)o1,c1ccc(CSc2nnc(-c3ccc4c(c3)OCO4)o2)cc1,test
CC(=O)Cl.c1ccc2c(c1)oc1ccccc12,CC(=O)c1ccc2c(c1)oc1ccccc12,test
CC(C)(C(=O)c1ccc(Cl)cc1)N1CCOCC1.SCCCCCCS,CC(C)(C(=O)c1ccc(SCCCCCCS)cc1)N1CCOCC1,test
C=O.COCCOc1cncc(OC[C@@H]2CCCN2)c1,COCCOc1cncc(OC[C@@H]2CCCN2C)c1,test
COc1ccc(C(=O)c2ccc(OCCBr)c(F)c2)cc1,O=C(c1ccc(O)cc1)c1ccc(OCCBr)c(F)c1,test
CC(C)=CCBr.COC(=O)c1ccc(N)c(I)c1,COC(=O)c1ccc(NCC=C(C)C)c(I)c1,test
CC(C)(CCBr)CCBr.CCOC(=O)c1[nH]c(-c2ccccc2)c2cc(Cl)ccc12,CCOC(=O)c1c2ccc(Cl)cc2c(-c2ccccc2)n1CCC(C)(C)CCBr,test
CC(=O)Nc1ccc2c(c1)C(C)(C)CCC2(C)C,CCNc1ccc2c(c1)C(C)(C)CCC2(C)C,test
CC(C)(C)OC(=O)N[C@@H](CC(=O)N1CCn2c(C(F)(F)F)nc(C(=O)N3CC[C@H](F)C3)c2C1)Cc1cc(F)c(F)cc1F,N[C@@H](CC(=O)N1CCn2c(C(F)(F)F)nc(C(=O)N3CC[C@H](F)C3)c2C1)Cc1cc(F)c(F)cc1F,test
CC(C)(O)C1CCN(Cc2ccc3nc(Cl)nc(N4CCOCC4)c3n2)CC1.CC(C)c1nc2ccccc2[nH]1,CC(C)c1nc2ccccc2n1-c1nc(N2CCOCC2)c2nc(CN3CCC(C(C)(C)O)CC3)ccc2n1,test
O=C(OCc1ccccc1)c1cc(C(F)(F)F)cc(S(=O)(=O)Cc2ccccc2)c1,O=C(O)c1cc(C(F)(F)F)cc(S(=O)(=O)Cc2ccccc2)c1,test
COc1ccc(F)c(B(O)O)c1.Nc1c2c(nc3c(Br)cccc13)CN(C1CCC1)C2=O,COc1ccc(F)c(-c2cccc3c(N)c4c(nc23)CN(C2CCC2)C4=O)c1,test
CCOC(OCC)C(O)C(C)=O,CC(=O)C(O)C=O,test
CCI.COC(=O)c1c(O)nc(C)c2cc(OC)c(OC)cc12,CCOc1nc(C)c2cc(OC)c(OC)cc2c1C(=O)OC,test
CCOc1ccc(S(=O)(=O)N[C@@H](CC)c2ccccc2)cc1.N#Cc1ccc(CBr)cc1,CCOc1ccc(S(=O)(=O)N(Cc2ccc(C#N)cc2)[C@@H](CC)c2ccccc2)cc1,test
CC(C)(C)c1ccc(C#N)cc1.[N-]=[N+]=[N-],CC(C)(C)c1ccc(-c2nnn[nH]2)cc1,test
C1CCN(CC2CCCCN2)CC1.O=C1CC(C(=O)Cl)c2cc(Cl)c(Cl)cc21,O=C1CC(C(=O)N2CCCCC2CN2CCCCC2)c2cc(Cl)c(Cl)cc21,test
CSCC[C@H](NC(=O)c1cc(OC(Cc2cncn2C)c2nccs2)ccc1CCc1ccc(F)cc1)C(=O)OC(C)(C)C,CSCC[C@H](NC(=O)c1cc(OC(Cc2cncn2C)c2nccs2)ccc1CCc1ccc(F)cc1)C(=O)O,test
Nc1cccc2c(O)ccnc12.O=C(Cl)c1c(Cl)cccc1Cl,Nc1cccc2c(OC(=O)c3c(Cl)cccc3Cl)ccnc12,test
C#C[Mg+].CCCCC1(C=O)CCC1,C#CC(O)C1(CCCC)CCC1,test
COc1ccccc1NC(=O)CC(=O)Nc1ccc(Oc2ccnc3cc(-c4cncn4C)sc23)c(F)c1,Cn1cncc1-c1cc2nccc(Oc3ccc(NC(=O)CC(=O)Nc4ccccc4O)cc3F)c2s1,test
C=CCC(C)(C(=O)OCC)c1ccccc1-c1noc2ccccc12,C=CCC(C)(C(=O)O)c1ccccc1-c1noc2ccccc12,test
COC(=O)c1cc(F)c(O)nc1Nc1ccc(F)cc1F.Cc1cc(C)c(S(=O)(=O)Cl)c(C)c1,COC(=O)c1cc(F)c(OS(=O)(=O)c2c(C)cc(C)cc2C)nc1Nc1ccc(F)cc1F,test
COC(=O)c1sc2ncnc(Nc3ccc(F)cc3OC3CCOCC3)c2c1C.COCCN,COCCNC(=O)c1sc2ncnc(Nc3ccc(F)cc3OC3CCOCC3)c2c1C,test
COc1cc(B2OC(C)(C)C(C)(C)O2)ccc1O.Clc1cncc(NCc2ccco2)n1,COc1cc(-c2cncc(NCc3ccco3)n2)ccc1O,test
O=C(O)c1cc(C(=O)O)c(C(=O)N(Cc2cccc(Br)c2)[C@H]2CCCc3ccccc32)cc1C(=O)O.OB(O)c1ccc(Cl)cc1,O=C(O)c1cc(C(=O)O)c(C(=O)N(Cc2cccc(-c3ccc(Cl)cc3)c2)[C@H]2CCCc3ccccc32)cc1C(=O)O,test
COc1ccc(OC)c(Sc2nc3c(N)ncnc3[nH]2)c1.FC(F)(F)c1cc(CCBr)cc(C(F)(F)F)c1,COc1ccc(OC)c(Sc2nc3c(N)ncnc3n2CCc2cc(C(F)(F)F)cc(C(F)(F)F)c2)c1,test
CS(=O)(=O)Cc1cccc(Nc2ncnc(-c3ccc(F)cc3F)n2)c1.Cc1ccc(CO)cc1,Cc1ccc(COc2cc(F)ccc2-c2ncnc(Nc3cccc(CS(C)(=O)=O)c3)n2)cc1,test
CN1CCNCCC1=O.N#Cc1cnc(Nc2cc(CCl)ccn2)s1,CN1CCN(Cc2ccnc(Nc3ncc(C#N)s3)c2)CCC1=O,test
Cc1cc(OCc2ccccc2)ccc1C(NC(=O)Cc1ccc2oc(C(c3c(C)noc3C)N3CC(NC(=O)OC(C)(C)C)C3)cc2c1)c1ccccc1,Cc1cc(O)ccc1C(NC(=O)Cc1ccc2oc(C(c3c(C)noc3C)N3CC(NC(=O)OC(C)(C)C)C3)cc2c1)c1ccccc1,test
COC(CBr)OC.Oc1ccc2ncccc2c1,COC(COc1ccc2ncccc2c1)OC,test
CCOC(=O)c1cn(Cc2ccccc2)nc1OCc1ccc(OCc2nc(-c3ccco3)oc2C)c(-c2ccccc2)c1,Cc1oc(-c2ccco2)nc1COc1ccc(COc2nn(Cc3ccccc3)cc2C(=O)O)cc1-c1ccccc1,test
CC(=O)N1CCc2ccc([N+](=O)[O-])cc2CC1,CC(=O)N1CCc2ccc(N)cc2CC1,test
CC(C)N=C=O.C[C@@H](Oc1c(N)ncc2c(C3=CCNCC3)coc12)c1c(Cl)ccc(F)c1Cl,CC(C)NC(=O)N1CC=C(c2coc3c(O[C@H](C)c4c(Cl)ccc(F)c4Cl)c(N)ncc23)CC1,test
C=C(OCC)[Sn](CCCC)(CCCC)CCCC.Cc1nc(Br)ccc1F,C=C(OCC)c1ccc(F)c(C)n1,test
COc1ccc2cc([C@@H](C)C(=O)O[C@@H](Cc3c(Cl)cncc3Cl)c3ccc(OC)c(OC)c3)ccc2c1,COc1ccc([C@@H](O)Cc2c(Cl)cncc2Cl)cc1OC,test
CC(C)(O)C(=O)Nc1cc2c(cc1F)CC(=O)N2.CCN(CC)CCN1CCCc2[nH]c(C=O)c(C)c2C1=O,CCN(CC)CCN1CCCc2[nH]c(/C=C3\C(=O)Nc4cc(NC(=O)C(C)(C)O)c(F)cc43)c(C)c2C1=O,test
CC(C)(C)OC(=O)OC(=O)OC(C)(C)C.Oc1noc2c1CNCCC2,CC(C)(C)OC(=O)N1CCCc2onc(O)c2C1,test
CCOC(=O)CCCNc1c(C)cccc1C.COc1ccc(N(CCCC(=O)O)C(=O)c2ccc(Cl)cc2)cc1,CCOC(=O)CCCN(C(=O)CCCN(C(=O)c1ccc(Cl)cc1)c1ccc(OC)cc1)c1c(C)cccc1C,test
C=C[C@@H](C#CC#C[C@H](N)CCCCCCCCC)OC(C)=O.O=C(Cl)c1ccc(F)cc1,C=C[C@@H](C#CC#C[C@@H](CCCCCCCCC)NC(=O)c1ccc(F)cc1)OC(C)=O,test
COc1cc(-c2cnc(F)c(-c3cc(-c4cnn(C)c4)ncc3N)c2)cc(OC)c1CN1CCCCC1,COc1cc(-c2cnc3[nH]c4cnc(-c5cnn(C)c5)cc4c3c2)cc(OC)c1CN1CCCCC1,test
C=C1C[C@@H]2[C@H](CC[C@]3(C)C(=O)CC[C@@H]23)[C@@]2(C)CCC(=O)C(O)=C12.CI,C=C1C[C@@H]2[C@H](CC[C@]3(C)C(=O)CC[C@@H]23)[C@@]2(C)CCC(=O)C(OC)=C12,test
CCOC(=O)c1ncn2c1[C@@H]1CCCN1C(=O)c1ccccc1-2,O=C1c2ccccc2-n2cnc(CO)c2[C@@H]2CCCN12,test
CC(=O)Nc1nc2cc(-c3ccc4c(c3)CN(C(=O)OC(C)(C)C)CCO4)cnc2s1,CC(=O)Nc1nc2cc(-c3ccc4c(c3)CNCCO4)cnc2s1,test
CI.Cc1nc2cc(Cl)c(Cl)cc2[nH]1,Cc1nc2cc(Cl)c(Cl)cc2n1C,test
Nc1nnc(Br)c(-c2ccccc2)n1.OB(O)c1ccc(Cl)c(Cl)c1,Nc1nnc(-c2ccc(Cl)c(Cl)c2)c(-c2ccccc2)n1,test
